doc_id,n_words,agency_visibility_p10k,person_visibility_p10k,agency_share_of_agent_roles,person_share_of_agent_roles,agency_agent_count,person_agent_count,agency_proto_agency,person_proto_agency,agency_agent,agency_patient,agency_other,person_agent,person_patient,person_other,community_visibility_count,community_visibility_p10k,community_combined_visibility_p10k,community_agent,community_patient,community_other,community_total,community_agent_count,community_proto_agency,agency_share_vs_community,community_combined_share_of_agent_roles
SP-2009,13561,8.6,313.7,0.389,0.611,7,11,0.538,0.688,7,6,4,11,5,42,48,46.1,359.8,7,2,37,46,7,0.778,0.28,0.72
SP-2010,22224,15.3,286.3,0.632,0.368,12,7,0.75,0.368,12,4,11,7,12,72,65,39.8,326.1,9,3,51,63,9,0.75,0.429,0.571
SP-2011,48562,32.0,261.1,0.576,0.424,38,28,0.494,0.636,38,39,42,28,16,173,170,46.4,307.5,15,22,131,168,15,0.405,0.469,0.531
SP-2012,27020,22.3,256.3,0.667,0.333,14,7,0.737,0.7,14,5,18,7,3,72,67,36.4,292.7,8,4,51,63,8,0.667,0.483,0.517
SP-2013,64327,20.3,199.2,0.864,0.136,57,9,0.76,0.45,57,18,18,9,11,159,119,27.8,227.0,12,13,93,118,12,0.48,0.731,0.269
SP-2017,84167,8.1,263.6,0.506,0.494,41,40,0.707,0.597,41,17,27,40,27,218,197,40.8,304.4,37,22,179,238,37,0.627,0.347,0.653
SP-2019,26643,30.3,285.2,0.791,0.209,68,18,0.723,0.45,68,26,53,18,22,116,150,59.7,344.9,7,11,130,148,7,0.389,0.731,0.269
SP-2023,108512,12.2,277.5,0.422,0.578,57,78,0.679,0.534,57,27,44,78,68,520,350,57.9,335.4,42,34,369,445,42,0.553,0.322,0.678
SP-2026-DRAFT,115579,166.9,108.2,0.802,0.198,268,66,0.822,0.574,268,58,735,66,49,287,93,11.4,119.6,23,8,89,120,23,0.742,0.751,0.249
