term,in_person_visibility_overlap,SP-2009,SP-2010,SP-2011,SP-2012,SP-2013,SP-2017,SP-2019,SP-2023,SP-2026-DRAFT
advocacy groups,no,2,2,1,0,0,0,1,0,0
advocacy organizations,no,0,0,1,0,0,1,1,1,0
asd community,no,0,0,1,0,2,5,9,0,0
autism community,no,0,1,2,3,5,13,18,59,4
autism science foundation,no,0,0,1,2,3,4,5,2,0
autism speaks,no,1,0,24,20,20,5,4,3,1
autistic community,yes,0,0,0,0,0,0,0,4,0
autistic self advocacy network,yes,0,0,0,1,1,0,3,0,0
broader autism community,no,0,0,1,1,1,2,3,2,0
caregiver,no,0,0,1,1,0,6,2,16,140
caregivers,no,4,5,11,2,2,6,7,63,10
community members,no,0,0,0,0,0,0,1,0,0
community organizations,no,0,0,0,0,0,0,0,1,0
community partners,no,0,0,0,0,0,0,1,4,0
community-based organizations,no,0,0,0,0,0,0,0,1,0
disability community,no,0,0,0,0,0,0,0,1,0
families,no,31,43,72,14,42,99,58,125,72
family caregiver,no,0,0,0,0,0,0,0,2,0
family caregivers,no,0,0,0,0,0,0,0,8,4
family member,no,1,1,1,2,2,1,1,1,0
family members,no,0,0,8,1,3,5,5,16,0
non-profit,no,0,0,0,0,1,0,2,0,0
non-profit organization,no,0,0,0,0,0,0,3,0,0
non-profit organizations,no,0,0,0,0,0,0,0,2,0
nonprofit,no,0,0,0,0,2,0,1,1,0
parent or caregiver,no,0,0,0,1,0,3,0,3,0
parents,no,4,7,18,7,13,36,8,28,2
parents and caregivers,no,1,1,2,0,0,0,0,2,0
private foundations,no,0,0,0,0,2,0,0,0,0
private organizations,no,1,1,2,0,4,5,6,7,0
public stakeholder,no,0,0,0,0,0,1,2,0,0
public stakeholders,no,0,0,0,1,2,1,1,1,0
self advocacy,yes,0,0,1,0,1,0,0,0,0
self advocate,yes,0,0,0,3,3,0,0,0,0
self-advocacy,yes,0,0,0,0,1,2,1,0,0
self-advocate,yes,0,0,0,0,0,0,3,0,0
self-advocates,yes,0,0,0,1,1,1,4,0,0
simons foundation,no,0,1,15,4,4,5,3,4,0
stakeholder,no,0,0,1,1,0,1,4,1,2
stakeholders,no,5,5,5,1,1,9,9,7,6
