doc_id,series,series_short,year,variant,is_draft,file_name,path,source_url,bytes,backend,error,n_pages,n_pages_kept,ref_cut_page,ref_cut_status,ref_pages_dropped,running_lines_removed,words_raw,n_words,pdf_title,in_analysis
USPSTF-2016,autism,USPSTF,2016,full,False,uspstf_report_to_congress_2016.pdf,/Users/michaelhouse/iacc-linguistic-comparison/iac/IACC_Publications/autism/uspstf_report_to_congress_2016.pdf,https://iacc.hhs.gov/publications/autism/uspstf_report_to_congress_2016.pdf,384734,pymupdf (cached),,52,51,,"unverified(before=4,after=7)",1,64,14496,13693,High-Priority Evidence Gaps For Clinical Preventive Services,True
LETTER-2009,general,LETTER,2009,full,False,2009_letter_to_nvac.pdf,/Users/michaelhouse/iacc-linguistic-comparison/iac/IACC_Publications/general/2009_letter_to_nvac.pdf,,106764,pymupdf (cached),,2,2,,too_short,0,0,556,556,IACC Letter to The National Vaccine Advisory Committee (NVAC) Vaccine Safety Working Group,False
LETTER-2011a,general,LETTER,2011,full,False,iacc_response_letter_sebelius_wandering_032311.pdf,/Users/michaelhouse/iacc-linguistic-comparison/iac/IACC_Publications/general/2011/iacc_response_letter_sebelius_wandering_032311.pdf,https://iacc.hhs.gov/publications/general/2011/iacc_response_letter_sebelius_wandering_032311.pdf,36726,pymupdf (cached),,1,1,,too_short,0,0,256,256,"Response Letter: IACC Letter to Secretary Sebelius on Wandering – March 23, 2011",False
LETTER-2011b,general,LETTER,2011,full,False,letter_seclusion_restraint_090711.pdf,/Users/michaelhouse/iacc-linguistic-comparison/iac/IACC_Publications/general/2011/letter_seclusion_restraint_090711.pdf,https://iacc.hhs.gov/publications/general/2011/letter_seclusion_restraint_090711.pdf,153348,pymupdf (cached),,5,5,,too_short,0,4,1894,1785,"IACC Letter to the Secretary on Seclusion and Restraint – September 7, 2011",False
LETTER-2011c,general,LETTER,2011,full,False,letter_wandering_020911.pdf,/Users/michaelhouse/iacc-linguistic-comparison/iac/IACC_Publications/general/2011/letter_wandering_020911.pdf,https://iacc.hhs.gov/publications/general/2011/letter_wandering_020911.pdf,136695,pymupdf (cached),,4,4,,too_short,0,0,1486,1472,"IACC Letter to Secretary Sebelius on Wandering – February 9, 2011",False
LETTER-2013a,general,LETTER,2013,full,False,a_res_67_82.pdf,/Users/michaelhouse/iacc-linguistic-comparison/iac/IACC_Publications/general/2013/a_res_67_82.pdf,https://iacc.hhs.gov/publications/general/2013/a_res_67_82.pdf,76782,pymupdf (cached),,4,4,,too_short,0,10,1460,1394,General Assembly Distr.: General,False
LETTER-2013b,general,LETTER,2013,full,False,iacc_response_letter_sebelius_coverage_070213.pdf,/Users/michaelhouse/iacc-linguistic-comparison/iac/IACC_Publications/general/2013/iacc_response_letter_sebelius_coverage_070213.pdf,https://iacc.hhs.gov/publications/general/2013/iacc_response_letter_sebelius_coverage_070213.pdf,44385,pymupdf (cached),,2,2,,too_short,0,0,546,545,"Response Letter: IACC Letter to Secretary Sebelius on Health Coverage – July 2, 2013",False
LETTER-2014a,general,LETTER,2014,full,False,letter_gao_response_040314.pdf,/Users/michaelhouse/iacc-linguistic-comparison/iac/IACC_Publications/general/2014/letter_gao_response_040314.pdf,https://iacc.hhs.gov/publications/general/2014/letter_gao_response_040314.pdf,118426,pymupdf (cached),,5,5,,too_short,0,4,1938,1933,Date:,False
LETTER-2014b,general,LETTER,2014,full,False,letter_iacc_gao_public_member_response_030614.pdf,/Users/michaelhouse/iacc-linguistic-comparison/iac/IACC_Publications/general/2014/letter_iacc_gao_public_member_response_030614.pdf,https://iacc.hhs.gov/publications/general/2014/letter_iacc_gao_public_member_response_030614.pdf,163931,pymupdf (cached),,3,3,,too_short,0,0,1280,1279,Letter to GAO from IACC Public Members March 6 2014,False
IPA-2016,international-portfolio-analysis,IPA,2016,full,False,portfolio_analysis_2016.pdf,/Users/michaelhouse/iacc-linguistic-comparison/iac/IACC_Publications/international-portfolio-analysis/2016/portfolio_analysis_2016.pdf,https://iacc.hhs.gov/publications/international-portfolio-analysis/2016/portfolio_analysis_2016.pdf,621588,pymupdf (cached),,64,64,,no_heading,0,142,14751,14291,2016 Portfolio Analysis Report,True
PA-2008,portfolio-analysis,PA,2008,full,False,portfolio_analysis_2008.pdf,/Users/michaelhouse/iacc-linguistic-comparison/iac/IACC_Publications/portfolio-analysis/2008/portfolio_analysis_2008.pdf,https://iacc.hhs.gov/publications/portfolio-analysis/2008/portfolio_analysis_2008.pdf,646968,pymupdf (cached),,15,15,,no_heading,0,48,2736,2163,Autism Spectrum Disorder Research,True
PA-2009,portfolio-analysis,PA,2009,full,False,portfolio_analysis_2009.pdf,/Users/michaelhouse/iacc-linguistic-comparison/iac/IACC_Publications/portfolio-analysis/2009/portfolio_analysis_2009.pdf,https://iacc.hhs.gov/publications/portfolio-analysis/2009/portfolio_analysis_2009.pdf,2374941,pymupdf (cached),,41,41,,no_heading,0,371,8768,7908,2009 Autism Spectrum Disorder Research Portfolio Analysis Report - June 2011,True
PA-2010,portfolio-analysis,PA,2010,full,False,portfolio_analysis_2010.pdf,/Users/michaelhouse/iacc-linguistic-comparison/iac/IACC_Publications/portfolio-analysis/2010/portfolio_analysis_2010.pdf,https://iacc.hhs.gov/publications/portfolio-analysis/2010/portfolio_analysis_2010.pdf,3616082,pymupdf (cached),,67,67,,no_heading,0,285,18699,18220,2010 IACC Autism Spectrum Disorder Research Portfolio Analysis Report,True
PA-2012,portfolio-analysis,PA,2012,full,False,portfolio_analysis_2012.pdf,/Users/michaelhouse/iacc-linguistic-comparison/iac/IACC_Publications/portfolio-analysis/2012/portfolio_analysis_2012.pdf,https://iacc.hhs.gov/publications/portfolio-analysis/2012/portfolio_analysis_2012.pdf,4520038,pymupdf (cached),,144,143,,no_heading,1,1462,41746,39159,2011-2012 Portfolio Analysis Report,True
PA-2013,portfolio-analysis,PA,2013,full,False,portfolio_analysis_2013.pdf,/Users/michaelhouse/iacc-linguistic-comparison/iac/IACC_Publications/portfolio-analysis/2013/portfolio_analysis_2013.pdf,https://iacc.hhs.gov/publications/portfolio-analysis/2013/portfolio_analysis_2013.pdf,14245834,pymupdf (cached),,112,111,,no_heading,1,1327,24921,23309,Portfolio Analysis Report,True
PA-2015,portfolio-analysis,PA,2015,full,False,portfolio_analysis_2015.pdf,/Users/michaelhouse/iacc-linguistic-comparison/iac/IACC_Publications/portfolio-analysis/2015/portfolio_analysis_2015.pdf,https://iacc.hhs.gov/publications/portfolio-analysis/2015/portfolio_analysis_2015.pdf,5089207,pymupdf (cached),,142,142,,no_heading,0,1849,29910,27837,2014-2015 IACC Autism Spectrum Disorder Research - Portfolio Analysis Report,True
PA-2016,portfolio-analysis,PA,2016,full,False,portfolio_analysis_2016.pdf,/Users/michaelhouse/iacc-linguistic-comparison/iac/IACC_Publications/portfolio-analysis/2016/portfolio_analysis_2016.pdf,https://iacc.hhs.gov/publications/portfolio-analysis/2016/portfolio_analysis_2016.pdf,17284885,pymupdf (cached),,95,94,,no_heading,1,238,18670,17834,Portfolio Analysis Report - 2016 IACC Autism Spectrum Disorder Research,True
PA-2018,portfolio-analysis,PA,2018,full,False,portfolio_analysis_2018.pdf,/Users/michaelhouse/iacc-linguistic-comparison/iac/IACC_Publications/portfolio-analysis/2018/portfolio_analysis_2018.pdf,https://iacc.hhs.gov/publications/portfolio-analysis/2018/portfolio_analysis_2018.pdf?ver=4,5657814,pymupdf (cached),,112,111,,no_heading,1,105,22381,21329,2017-2018 Autism Spectrum Disorder Research Portfolio Analysis Report,True
PA-2020-AAG,portfolio-analysis,PA,2020,at_a_glance,False,at-a-glance.pdf,/Users/michaelhouse/iacc-linguistic-comparison/iac/IACC_Publications/portfolio-analysis/2020/at-a-glance.pdf,https://iacc.hhs.gov/publications/portfolio-analysis/2020/at-a-glance.pdf?ver=2,955344,pymupdf (cached),,4,4,,too_short,0,4,880,866,At-a-Glance IACC 2019-2020 Autism Research Portfolio Analysis Report,False
PA-2020,portfolio-analysis,PA,2020,full,False,portfolio_analysis_2020.pdf,/Users/michaelhouse/iacc-linguistic-comparison/iac/IACC_Publications/portfolio-analysis/2020/portfolio_analysis_2020.pdf,https://iacc.hhs.gov/publications/portfolio-analysis/2020/portfolio_analysis_2020.pdf?ver=5,15373714,pymupdf (cached),,124,124,,no_heading,0,480,28394,27446,2019-2020 IACC Autism Research Portfolio Analysis Report,True
PA-2022-AAG,portfolio-analysis,PA,2022,at_a_glance,False,2021-22_AutismPortfolioAnalysisReport_AtAGlance.pdf,/Users/michaelhouse/iacc-linguistic-comparison/iac/IACC_Publications/portfolio-analysis/2022/2021-22_AutismPortfolioAnalysisReport_AtAGlance.pdf,https://iacc.hhs.gov/publications/portfolio-analysis/2022/2021-22_AutismPortfolioAnalysisReport_AtAGlance.pdf?ver=2,504567,pymupdf (cached),,3,3,,too_short,0,0,687,677,PowerPoint Presentation,False
PA-2022,portfolio-analysis,PA,2022,full,False,2021-22_AutismPortfolioAnalysisReport.pdf,/Users/michaelhouse/iacc-linguistic-comparison/iac/IACC_Publications/portfolio-analysis/2022/2021-22_AutismPortfolioAnalysisReport.pdf,https://iacc.hhs.gov/publications/portfolio-analysis/2022/2021-22_AutismPortfolioAnalysisReport.pdf?ver=5,19231798,pymupdf (cached),,128,128,,no_heading,0,0,23588,23323,2021-2022 Autism Research Portfolio Analysis Report,True
PUBA-2012,publications-analysis,PUBA,2012,full,False,publications_analysis_2012.pdf,/Users/michaelhouse/iacc-linguistic-comparison/iac/IACC_Publications/publications-analysis/2012/publications_analysis_2012.pdf,https://iacc.hhs.gov/publications/publications-analysis/2012/publications_analysis_2012.pdf,5857878,pymupdf (cached),,80,79,,"unverified(before=2,after=24)",1,76,22198,20583,"IACC/OARC Autism Spectrum Disorder Publications Analysis: The Global Landscape of Autism Research, July 2012",True
RTC-2009,report-to-congress,RTC,2009,full,False,report_to_congress_2009.pdf,/Users/michaelhouse/iacc-linguistic-comparison/iac/IACC_Publications/report-to-congress/2009/report_to_congress_2009.pdf,https://iacc.hhs.gov/publications/report-to-congress/2009/report_to_congress_2009.pdf,1343597,pymupdf (cached),,83,73,,no_heading,10,132,26994,21984,Report to Congress on Activities Related to Autism Spectrum Disorders and Other Developmental Disabilities Under the Com,True
RTC-2012,report-to-congress,RTC,2012,full,False,report_to_congress_2012.pdf,/Users/michaelhouse/iacc-linguistic-comparison/iac/IACC_Publications/report-to-congress/2012/report_to_congress_2012.pdf,https://iacc.hhs.gov/publications/report-to-congress/2012/report_to_congress_2012.pdf,2660211,pymupdf (cached),,112,100,,no_heading,12,135,46314,38819,Report to Congress on Activities Related to Autism Spectrum Disorder and Other Developmental Disabilities Under the Comb,True
RTC-2017,report-to-congress,RTC,2017,full,False,report_to_congress_2017.pdf,/Users/michaelhouse/iacc-linguistic-comparison/iac/IACC_Publications/report-to-congress/2017/report_to_congress_2017.pdf,https://iacc.hhs.gov/publications/report-to-congress/2017/report_to_congress_2017.pdf,2053539,pymupdf (cached),,88,75,76.0,verified,13,101,32759,28343,Young Adults and Transitioning Youth With Autism Spectrum Disorder,True
RTC-2018,report-to-congress,RTC,2018,full,False,report_to_congress_2018.pdf,/Users/michaelhouse/iacc-linguistic-comparison/iac/IACC_Publications/report-to-congress/2018/report_to_congress_2018.pdf,https://iacc.hhs.gov/publications/report-to-congress/2018/report_to_congress_2018.pdf,2250485,pymupdf (cached),,148,141,,no_heading,7,67,50743,46900,Report to Congress on Activities Related to Autism Spectrum Disorder and Other Developmental Disabilities,True
RTC-2021,report-to-congress,RTC,2021,full,False,report_to_congress_2021.pdf,/Users/michaelhouse/iacc-linguistic-comparison/iac/IACC_Publications/report-to-congress/2021/report_to_congress_2021.pdf,https://iacc.hhs.gov/publications/report-to-congress/2021/report_to_congress_2021.pdf?ver=2,7071806,pymupdf (cached),,116,77,78.0,verified,39,74,48795,36964,2021 Report to Congress on the Health and Well-Being of Individuals with ASD,True
RTC-2022,report-to-congress,RTC,2022,full,False,report_to_congress_2022.pdf,/Users/michaelhouse/iacc-linguistic-comparison/iac/IACC_Publications/report-to-congress/2022/report_to_congress_2022.pdf,https://iacc.hhs.gov/publications/report-to-congress/2022/report_to_congress_2022.pdf?ver=3,5097194,pymupdf (cached),,120,85,86.0,verified,35,77,54864,39868,2022 Report to Congress on Supportive Services for Individuals with Autism,True
RTC-2023,report-to-congress,RTC,2023,full,False,report_to_congress_2023.pdf,/Users/michaelhouse/iacc-linguistic-comparison/iac/IACC_Publications/report-to-congress/2023/report_to_congress_2023.pdf,https://iacc.hhs.gov/publications/report-to-congress/2023/report_to_congress_2023.pdf?ver=5,10065406,pymupdf (cached),,191,142,146.0,verified,49,136,84345,64945,Report to Congress on Activities Related to Autism Spectrum Disorder and Other Developmental Disabilities,True
SP-2009,strategic-plan,SP,2009,full,False,strategic_plan_2009.pdf,/Users/michaelhouse/iacc-linguistic-comparison/iac/IACC_Publications/strategic-plan/2009/strategic_plan_2009.pdf,https://iacc.hhs.gov/publications/strategic-plan/2009/strategic_plan_2009.pdf,1362075,pymupdf (cached),,37,31,32.0,verified,6,25,13000,10423,The Interagency Autism Coordinating Committee Strategic Plan for Autism Spectrum Disorder Research,True
SP-2010,strategic-plan,SP,2010,full,False,strategic_plan_2010.pdf,/Users/michaelhouse/iacc-linguistic-comparison/iac/IACC_Publications/strategic-plan/2010/strategic_plan_2010.pdf,https://iacc.hhs.gov/publications/strategic-plan/2010/strategic_plan_2010.pdf,1200959,pymupdf (cached),,60,50,51.0,verified,10,45,21353,16347,"The 2010 Interagency Autism Coordinating Committee Strategic Plan for Autism Spectrum Disorder Research - January 19, 20",True
SP-2011,strategic-plan,SP,2011,full,False,strategic_plan_2011.pdf,/Users/michaelhouse/iacc-linguistic-comparison/iac/IACC_Publications/strategic-plan/2011/strategic_plan_2011.pdf,https://iacc.hhs.gov/publications/strategic-plan/2011/strategic_plan_2011.pdf,873800,pymupdf (cached),,105,85,86.0,verified,20,77,46605,36616,The lnteragency Autism Coordinating Committee: 2011 STRATEGIC PLAN for Autism Spectrum Disorder Research – January 2011,True
SP-2012,strategic-plan,SP,2012,full,False,strategic_plan_2012.pdf,/Users/michaelhouse/iacc-linguistic-comparison/iac/IACC_Publications/strategic-plan/2012/strategic_plan_2012.pdf,https://iacc.hhs.gov/publications/strategic-plan/2012/strategic_plan_2012.pdf,1124880,pymupdf (cached),,76,55,,"unverified(before=76,after=76)",21,48,25595,18417,2012 Update IACC Strategic Plan for Autism Spectrum Disorder Research,True
SP-2013,strategic-plan,SP,2013,full,False,strategic_plan_2013.pdf,/Users/michaelhouse/iacc-linguistic-comparison/iac/IACC_Publications/strategic-plan/2013/strategic_plan_2013.pdf,https://iacc.hhs.gov/publications/strategic-plan/2013/strategic_plan_2013.pdf,8358739,pymupdf (cached),,143,106,,"unverified(before=76,after=76)",37,1092,59930,42867,Strategic Plan for Autism Spectrum Disorder Research - 2013 Update,True
SP-2017,strategic-plan,SP,2017,full,False,strategic_plan_2017.pdf,/Users/michaelhouse/iacc-linguistic-comparison/iac/IACC_Publications/strategic-plan/2017/strategic_plan_2017.pdf,https://iacc.hhs.gov/publications/strategic-plan/2017/strategic_plan_2017.pdf,4695682,pymupdf (cached),,196,122,123.0,verified,74,114,79096,48337,2016-2017 IACC Strategic Plan for Autism Spectrum Disorder,True
SP-2019,strategic-plan,SP,2019,full,False,strategic_plan_2019.pdf,/Users/michaelhouse/iacc-linguistic-comparison/iac/IACC_Publications/strategic-plan/2019/strategic_plan_2019.pdf,https://iacc.hhs.gov/publications/strategic-plan/2019/strategic_plan_2019.pdf?version=3,5741543,pymupdf (cached),,77,76,,no_heading,1,69,25812,25108,IACC Strategic Plan for Autism Spectrum Disorder 2018-2019,True
SP-2023-ER,strategic-plan,SP,2023,easy_read,False,strategic_plan_2023_easy_read.pdf,/Users/michaelhouse/iacc-linguistic-comparison/iac/IACC_Publications/strategic-plan/2023/strategic_plan_2023_easy_read.pdf,https://iacc.hhs.gov/publications/strategic-plan/2023/strategic_plan_2023_easy_read.pdf?ver=5,1261831,pymupdf (cached),,16,16,,no_heading,0,48,4354,4030,"2021-2023 IACC  Strategic Plan for Autism Research, Service, and Policy",False
SP-2023,strategic-plan,SP,2023,full,False,strategic_plan_2023.pdf,/Users/michaelhouse/iacc-linguistic-comparison/iac/IACC_Publications/strategic-plan/2023/strategic_plan_2023.pdf,https://iacc.hhs.gov/publications/strategic-plan/2023/strategic_plan_2023.pdf?ver=8,6897814,pymupdf (cached),,244,153,154.0,verified,91,143,101044,60494,"2021-2023 IACC Strategic Plan for Autism Research, Services, and Policy",True
SP-2026-DRAFT,strategic-plan,SP,2026,draft,True,IACC Strategic Plan Working Draft July 17.pdf,/Users/michaelhouse/iacc-linguistic-comparison/iac/IACC Strategic Plan Working Draft July 17.pdf,,1579159,pymupdf (cached),,336,271,272.0,verified,65,255,108018,81788,,True
SOA-2007,summary-of-advances,SOA,2007,full,False,summary_of_advances_2007.pdf,/Users/michaelhouse/iacc-linguistic-comparison/iac/IACC_Publications/summary-of-advances/2007/summary_of_advances_2007.pdf,https://iacc.hhs.gov/publications/summary-of-advances/2007/summary_of_advances_2007.pdf,165809,pymupdf (cached),,20,13,,no_heading,7,24,7612,4367,Summary of Advances in ASD Final Approved by IACC,True
SOA-2008,summary-of-advances,SOA,2008,full,False,summary_of_advances_2008.pdf,/Users/michaelhouse/iacc-linguistic-comparison/iac/IACC_Publications/summary-of-advances/2008/summary_of_advances_2008.pdf,https://iacc.hhs.gov/publications/summary-of-advances/2008/summary_of_advances_2008.pdf,277782,pymupdf (cached),,27,27,,no_heading,0,58,10123,9818,IACC 2008 Summary of Advances in ASD Research,True
SOA-2009,summary-of-advances,SOA,2009,full,False,summary_of_advances_2009.pdf,/Users/michaelhouse/iacc-linguistic-comparison/iac/IACC_Publications/summary-of-advances/2009/summary_of_advances_2009.pdf,https://iacc.hhs.gov/publications/summary-of-advances/2009/summary_of_advances_2009.pdf,839994,pymupdf (cached),,23,17,18.0,verified,6,24,8322,5940,IACC 2009 Summary of Advances in ASD Research,True
SOA-2010,summary-of-advances,SOA,2010,full,False,summary_of_advances_2010.pdf,/Users/michaelhouse/iacc-linguistic-comparison/iac/IACC_Publications/summary-of-advances/2010/summary_of_advances_2010.pdf,https://iacc.hhs.gov/publications/summary-of-advances/2010/summary_of_advances_2010.pdf,495128,pymupdf (cached),,35,24,,no_heading,11,32,12626,7059,IACC 2010 Summary of Advances in ASD Research,True
SOA-2011,summary-of-advances,SOA,2011,full,False,summary_of_advances_2011.pdf,/Users/michaelhouse/iacc-linguistic-comparison/iac/IACC_Publications/summary-of-advances/2011/summary_of_advances_2011.pdf,https://iacc.hhs.gov/publications/summary-of-advances/2011/summary_of_advances_2011.pdf,564850,pymupdf (cached),,35,25,,no_heading,10,31,11684,6848,IACC 2011 Summary of Advances in ASD Research,True
SOA-2012,summary-of-advances,SOA,2012,full,False,summary_of_advances_2012.pdf,/Users/michaelhouse/iacc-linguistic-comparison/iac/IACC_Publications/summary-of-advances/2012/summary_of_advances_2012.pdf,https://iacc.hhs.gov/publications/summary-of-advances/2012/summary_of_advances_2012.pdf,997294,pymupdf (cached),,50,35,,no_heading,15,28,14516,8376,IACC 2012 Summary of Advances in ASD Research,True
SOA-2013,summary-of-advances,SOA,2013,full,False,summary_of_advances_2013.pdf,/Users/michaelhouse/iacc-linguistic-comparison/iac/IACC_Publications/summary-of-advances/2013/summary_of_advances_2013.pdf,https://iacc.hhs.gov/publications/summary-of-advances/2013/summary_of_advances_2013.pdf,3711023,pymupdf (cached),,52,39,,no_heading,13,36,16572,11615,IACC 2013 Summary of Advances in ASD Research,True
SOA-2014,summary-of-advances,SOA,2014,full,False,summary_of_advances_2014.pdf,/Users/michaelhouse/iacc-linguistic-comparison/iac/IACC_Publications/summary-of-advances/2014/summary_of_advances_2014.pdf,https://iacc.hhs.gov/publications/summary-of-advances/2014/summary_of_advances_2014.pdf,5001089,pymupdf (cached),,54,37,,no_heading,17,36,17695,10073,2014 Summary of Advances in Autism Spectrum Disorder Research,True
SOA-2015,summary-of-advances,SOA,2015,full,False,summary_of_advances_2015.pdf,/Users/michaelhouse/iacc-linguistic-comparison/iac/IACC_Publications/summary-of-advances/2015/summary_of_advances_2015.pdf,https://iacc.hhs.gov/publications/summary-of-advances/2015/summary_of_advances_2015.pdf,3126336,pymupdf (cached),,58,42,,no_heading,16,43,17775,11080,2015 Summary of Advances in Autism Spectrum Disorder,True
SOA-2016,summary-of-advances,SOA,2016,full,False,summary_of_advances_2016.pdf,/Users/michaelhouse/iacc-linguistic-comparison/iac/IACC_Publications/summary-of-advances/2016/summary_of_advances_2016.pdf,https://iacc.hhs.gov/publications/summary-of-advances/2016/summary_of_advances_2016.pdf,2156635,pymupdf (cached),,52,45,,no_heading,7,50,15717,12627,2016 Summary of Advances in Autism Spectrum Disorder Research,True
SOA-2017,summary-of-advances,SOA,2017,full,False,summary_of_advances_2017.pdf,/Users/michaelhouse/iacc-linguistic-comparison/iac/IACC_Publications/summary-of-advances/2017/summary_of_advances_2017.pdf,https://iacc.hhs.gov/publications/summary-of-advances/2017/summary_of_advances_2017.pdf,5399885,pymupdf (cached),,54,41,,no_heading,13,38,17262,11799,2017 Summary of Advances in Autism Spectrum Disorder Research,True
SOA-2018,summary-of-advances,SOA,2018,full,False,summary_of_advances_2018.pdf,/Users/michaelhouse/iacc-linguistic-comparison/iac/IACC_Publications/summary-of-advances/2018/summary_of_advances_2018.pdf,https://iacc.hhs.gov/publications/summary-of-advances/2018/summary_of_advances_2018.pdf,1624093,pymupdf (cached),,49,37,,no_heading,12,34,15021,10161,2018 Summary of Advances in Autism Spectrum Disorder Research,True
SOA-2019,summary-of-advances,SOA,2019,full,False,summary_of_advances_2019.pdf,/Users/michaelhouse/iacc-linguistic-comparison/iac/IACC_Publications/summary-of-advances/2019/summary_of_advances_2019.pdf,https://iacc.hhs.gov/publications/summary-of-advances/2019/summary_of_advances_2019.pdf,1705378,pymupdf (cached),,59,48,,no_heading,11,51,18460,13924,2019 Summary of Advances in Autism Spectrum Disorder Research,True
SOA-2020-ER,summary-of-advances,SOA,2020,easy_read,False,summary_of_advances_2020_easy_read.pdf,/Users/michaelhouse/iacc-linguistic-comparison/iac/IACC_Publications/summary-of-advances/2020/summary_of_advances_2020_easy_read.pdf,https://iacc.hhs.gov/publications/summary-of-advances/2020/summary_of_advances_2020_easy_read.pdf?ver=2,425889,pymupdf (cached),,2,2,,too_short,0,0,565,558,2020 Summary of Advances in Autism Research,False
SOA-2020,summary-of-advances,SOA,2020,full,False,summary_of_advances_2020.pdf,/Users/michaelhouse/iacc-linguistic-comparison/iac/IACC_Publications/summary-of-advances/2020/summary_of_advances_2020.pdf,https://iacc.hhs.gov/publications/summary-of-advances/2020/summary_of_advances_2020.pdf?ver=2,3379557,pymupdf (cached),,52,40,,no_heading,12,44,14276,9609,2020 Summary of Advances in Autism Research,True
SOA-2021-ER,summary-of-advances,SOA,2021,easy_read,False,summary_of_advances_2021_easy_read.pdf,/Users/michaelhouse/iacc-linguistic-comparison/iac/IACC_Publications/summary-of-advances/2021/summary_of_advances_2021_easy_read.pdf,https://iacc.hhs.gov/publications/summary-of-advances/2021/summary_of_advances_2021_easy_read.pdf,166502,pymupdf (cached),,2,2,,too_short,0,0,553,547,2021 Summary of Advances in Autism Research,False
SOA-2021,summary-of-advances,SOA,2021,full,False,summary_of_advances_2021.pdf,/Users/michaelhouse/iacc-linguistic-comparison/iac/IACC_Publications/summary-of-advances/2021/summary_of_advances_2021.pdf,https://iacc.hhs.gov/publications/summary-of-advances/2021/summary_of_advances_2021.pdf?ver=2,1316223,pymupdf (cached),,52,41,,no_heading,11,56,15063,10296,2021 Summary of Advances in Autism Research,True
SOA-2022-ER,summary-of-advances,SOA,2022,easy_read,False,summary_of_advances_2022_easy_read.pdf,/Users/michaelhouse/iacc-linguistic-comparison/iac/IACC_Publications/summary-of-advances/2022/summary_of_advances_2022_easy_read.pdf,https://iacc.hhs.gov/publications/summary-of-advances/2022/summary_of_advances_2022_easy_read.pdf?ver=3,1543905,pymupdf (cached),,3,3,,too_short,0,0,737,732,2022 Summary of Advances in Autism Research,False
SOA-2022,summary-of-advances,SOA,2022,full,False,summary_of_advances_2022.pdf,/Users/michaelhouse/iacc-linguistic-comparison/iac/IACC_Publications/summary-of-advances/2022/summary_of_advances_2022.pdf,https://iacc.hhs.gov/publications/summary-of-advances/2022/summary_of_advances_2022.pdf?ver=4,10816456,pymupdf (cached),,62,50,,no_heading,12,84,16916,11597,IACC 2022 Summary of Advances in Autism Research,True
SOA-2023-ER,summary-of-advances,SOA,2023,easy_read,False,summary_of_advances_2023_easy_read.pdf,/Users/michaelhouse/iacc-linguistic-comparison/iac/IACC_Publications/summary-of-advances/2023/summary_of_advances_2023_easy_read.pdf,https://iacc.hhs.gov/publications/summary-of-advances/2023/summary_of_advances_2023_easy_read.pdf,274393,pymupdf (cached),,3,3,,too_short,0,0,629,624,IACC 2023 Summary of Advances in Autism Research At-a-Glance,False
SOA-2023,summary-of-advances,SOA,2023,full,False,summary_of_advances_2023.pdf,/Users/michaelhouse/iacc-linguistic-comparison/iac/IACC_Publications/summary-of-advances/2023/summary_of_advances_2023.pdf,https://iacc.hhs.gov/publications/summary-of-advances/2023/summary_of_advances_2023.pdf?ver=2,1596820,pymupdf (cached),,64,50,,no_heading,14,67,17322,11133,2023 Summary of Advances in Autism Research,True
