section,pages,n_words,fk_grade,words_per_sentence,deontic_index,should_per_1k,identity_first_share,novel_text_share,nearest_prior_doc,nearest_cosine,characteristic_words
Executive Summary,17-25,4255,19.051584232453795,29.755244755244757,0.22448979591836735,0.7050528789659225,0.7058823529411765,0.9997708524289642,RTC-2017,0.17185764212896273,"federal, domain, agencies, authority, agenda, action, plan, accountability"
Preface,26-30,2072,19.274945945945948,29.6,0.20833333333333334,1.9305019305019304,1.0,0.9953095684803002,RTC-2017,0.12678341622704925,"agencies, federal, authority, records, materials, implementation, plan, evidence"
Part I,31-33,1409,16.605177726519987,19.569444444444443,0.5862068965517241,9.9361249112846,0.5,0.9979020979020979,RTC-2017,0.1326599744874035,"federal, discovery, implementation, action, enterprise, authority, translation, public"
"Rebalancing the Portfolio: Gaps, Duplication, and Budget Alignment",34-37,1928,17.39915126367409,21.90909090909091,0.7857142857142857,10.37344398340249,0.0,0.9995114802149487,SP-2017,0.12575974906788315,"approximately, billion, nih, cost, annual, economic, roughly, validation"
Recommendation Structure and Plan Architecture,38-40,1026,16.915126705653027,19.0,0.6956521739130435,11.695906432748536,1.0,1.0,RTC-2017,0.10017986152750186,"federal, implementation, accountability, measurable, purpose, action, domain, authority"
Part II — Discovery Biology and the Case for Precision Translation,41-48,3254,17.891617910525834,23.078014184397162,0.34146341463414637,3.3804548248309776,0.8,0.9997078586035641,SP-2017,0.15077006873246035,"addm, feasibility, cohort, completed, federal, surveillance, analyses, rise"
Heterogeneity as the Organizing Principle,49-50,761,20.204370310711713,24.548387096774192,0.3333333333333333,2.628120893561104,1.0,1.0,SP-2017,0.110447343516828,"completed, months, selected, sites, organizing, overlapping, expanded, linkage"
Contributing Factors and Causality,51-53,1278,22.19077891591977,29.045454545454547,0.125,0.7824726134585289,0.6666666666666666,1.0,SP-2017,0.12316074457861288,"maternal, pathways, microbial, heritability, developmental, causation, metabolic, timing"
An Integrated Developmental Systems Framework,54-54,420,17.242857142857144,20.0,0.42857142857142855,7.142857142857142,1.0,1.0,SP-2017,0.07635409277017396,"physiological, resilience, biologically, systems, integrated, timing, vulnerability, interacting"
Implications for Federal Action,54-61,3289,20.59636372780538,24.729323308270676,0.6349206349206349,11.249619945272118,0.8333333333333334,1.0,SP-2017,0.15850517843588383,"regression, metabolic, mitochondrial, biologically, timing, immune, stressors, developmental"
Part III — Precision Infrastructure and the National Translational Ent,62-67,1744,17.209160915807427,15.43362831858407,0.7777777777777778,11.46788990825688,1.0,0.9988907376594565,RTC-2017,0.11977342325261568,"validation, implementation, products, assay, evidence, decisions, precision, enterprise"
Part IV — Priority Therapeutic Domains,68-70,575,15.874186335403724,16.428571428571427,1.0,6.956521739130435,,1.0,SP-2012,0.09057899514542248,"domain, translational, architecture, biology, portfolio, mechanistic, redox, target"
"Priority Therapeutic Domain 1: Neurotransmission, Neural Circuit Funct",71-79,2332,19.087906339576595,15.651006711409396,0.8076923076923077,17.152658662092623,0.75,1.0,SP-2017,0.12179111365625199,"medication, safety, subgroups, adaptive, monitoring, ahrq, fda, indication"
"Priority Therapeutic Domain 2: Immune, Autoimmune, and Inflammatory Bi",80-90,2913,20.273301841219723,17.44311377245509,0.8,15.10470305526948,1.0,1.0,SP-2017,0.1257871598523394,"immune, maternal, subgroups, autoimmune, acute, biomarkers, defined, inflammatory"
Priority Therapeutic Domain 3: Folate Metabolism and One-Carbon Biolog,91-100,2871,19.020359848484848,16.3125,0.8245614035087719,14.977359804946012,1.0,1.0,SP-2017,0.1129926399882063,"subgroups, evidence, assay, fda, receptor, autoantibodies, methylation, clinically"
"Priority Therapeutic Domain 4: Gastrointestinal Biology, Microbiome Fu",101-110,3019,18.84880027681825,17.970238095238095,0.7450980392156863,12.586949320967207,1.0,1.0,SP-2012,0.11765734318847744,"gastrointestinal, pain, nutrition, microbiome, subgroups, enzyme, diet, indicated"
"Priority Therapeutic Domain 5: Neurodevelopmental Regression, Function",111-119,2570,18.04588311589227,16.797385620915033,0.8301886792452831,15.17509727626459,1.0,1.0,SP-2017,0.11031555102165161,"regression, follow-up, evaluation, indicated, loss, pathways, metabolic, domain"
"Priority Therapeutic Domain 6: Mitochondrial, Redox, Metabolic Functio",120-130,3129,20.62723878952183,17.982758620689655,0.6363636363636364,13.422818791946309,1.0,1.0,SP-2012,0.13001309708672357,"metabolic, mitochondrial, endocrine, illness, emergency, disease, subgroups, stress"
Priority Therapeutic Domain 7: Autonomic Dysfunction,131-138,2436,19.126854278028166,17.27659574468085,0.6714285714285714,18.472906403940886,1.0,1.0,SP-2023,0.1198952954460873,"autonomic, sleep, wearable, burden, illness, pain, physiology, medication"
Priority Therapeutic Domain 8: Sleep and Circadian Regulation,139-147,2699,17.971218187550487,16.763975155279503,0.8214285714285714,16.302334197851057,0.9090909090909091,1.0,SP-2023,0.11159792186146662,"sleep, melatonin, timing, contributors, circadian, clinically, ahrq, pain"
Priority Therapeutic Domain 9: Epilepsy and Network Excitability,148-155,2627,18.641198243332664,17.630872483221477,0.7619047619047619,17.891130567186906,1.0,1.0,SP-2023,0.11499912270460474,"eeg, seizures, sleep, epilepsy, regression, events, presentations, follow-up"
"Priority Therapeutic Domain 10: Motor Planning, Praxis, Sensorimotor I",156-167,3596,19.26209774893066,18.536082474226806,0.5254237288135594,8.620689655172413,1.0,1.0,SP-2023,0.13943867204154134,"motor, speech, sensory, functional, adaptive, assessment, access, ahrq"
"Priority Therapeutic Domain 11: Adaptive Trial Design, Treatment Endpo",168-176,2724,15.972245455109515,19.183098591549296,0.6428571428571429,9.911894273127754,0.0,1.0,SP-2017,0.11762342960910875,"fda, trials, drug, candidate, design, ahrq, signals, approved"
"Part V — Federal Navigation, Diagnostic Access, and Life Course Suppor",177-182,2071,15.248838725253503,18.166666666666668,0.5625,2.897151134717528,1.0,1.0,RTC-2017,0.14662743228522254,"domain, federal, navigation, accountability, indicators, users, portal, course"
"Life Course Domain I: Timely, Equitable, and Technology-Enabled Diagno",183-192,3008,18.970344620916993,21.183098591549296,0.746031746031746,14.960106382978724,0.3333333333333333,0.9993708713431897,RTC-2017,0.13682873645577062,"evaluation, implementation, diagnostic, hrsa, cms, ahrq, consultation, referral"
"Life Course Domain II: Special Education, IDEA Implementation",193-198,1831,19.26600147781669,21.541176470588237,0.7307692307692307,9.830693610049154,1.0,0.999482669425763,RTC-2017,0.1425919085905264,"idea, education, students, accountability, workforce, special, performance, enforcement"
Life Course Domain III: Improving Communication and Access for Nonspea,199-209,3529,20.274165883377453,21.51829268292683,0.5633802816901409,11.051289317086994,0.8181818181818182,1.0,SP-2023,0.15130712120172127,"communication, motor, partners, individualized, aac, assessment, methods, access"
"Life Course Domain IV: Co-Occurring Mental Health Conditions, Crisis C",210-216,1780,17.242344849312193,16.635514018691588,0.84375,14.606741573033709,1.0,1.0,RTC-2017,0.13274681783745804,"cms, ahrq, hrsa, crisis, mental, samhsa, follow-up, agenda"
"Life Course Domain V: Housing Supply, Supported Living, and Caregiver ",217-223,2350,16.943812028815547,18.503937007874015,0.8285714285714286,11.48936170212766,0.8,0.9991935483870967,RTC-2022,0.1533099629400761,"housing, residential, acl, cms, hud, capacity, hhs, supply"
"Life Course Domain VI: Caregiver Stabilization, Respite, Navigation, a",224-230,1786,15.450774301918145,14.403225806451612,0.7948717948717948,16.237402015677493,1.0,1.0,RTC-2022,0.14011351664204794,"navigation, caregiver, respite, acl, cms, emergency, hrsa, families"
"Life Course Domain VII: Employment, Workforce Participation, and Workp",231-237,1700,15.953770177838582,13.178294573643411,0.7222222222222222,15.294117647058824,1.0,1.0,RTC-2017,0.1378113168727114,"employment, accommodations, job, retention, acl, federal, advancement, cms"
"Life Course Domain VIII: Older Autistic Adults, Aging, and Later-Life ",238-244,2097,16.33468021432943,16.511811023622048,0.7105263157894737,12.39866475917978,0.96,1.0,SP-2023,0.1263142860383965,"aging, cms, acl, hrsa, older, agencies, medicare, pain"
"Life Course Domain IX: Transportation, Mobility, and Access",245-259,5773,17.585720411060873,24.15481171548117,0.5567010309278351,7.96812749003984,1.0,0.9996640913671482,RTC-2017,0.16789783554735924,"agencies, action, recommendations, reporting, framework, accountability, transportation, authority"
Appendix A,260-260,416,13.994596153846157,20.8,0.0,0.0,,1.0,PUBA-2012,0.07933963568344302,"projects, portfolio, nih, title, records, analyzed, appeared, classification"
Analysis of the FY2025 NIH Autism Research Portfolio (RCDC),260-265,1883,15.327625531813329,21.15730337078652,0.2857142857142857,1.0621348911311737,1.0,1.0,PUBA-2012,0.12099535850889961,"projects, classification, primary, translational, portfolio, category, title, framework"
Analysis of the FY2025 NIH Autism Research Portfolio (RCDC),266-269,918,12.087128310973512,9.663157894736843,0.3333333333333333,1.0893246187363834,,1.0,PUBA-2012,0.10185458522246947,"classification, portfolio, category, patterns, text, non-genetic, projects, records"
Appendix C,270-271,383,30.614499564838997,42.55555555555556,1.0,5.221932114882507,,1.0,SP-2023,0.07683697237464868,"referral, date, unexplained, performance, pain, consultation, documentation, diagnostic"
