group,term,SOA-2007,PA-2008,SOA-2008,PA-2009,RTC-2009,SP-2009,SOA-2009,PA-2010,SP-2010,SOA-2010,SP-2011,SOA-2011,PA-2012,PUBA-2012,RTC-2012,SP-2012,SOA-2012,PA-2013,SP-2013,SOA-2013,SOA-2014,PA-2015,SOA-2015,USPSTF-2016,IPA-2016,PA-2016,SOA-2016,RTC-2017,SP-2017,SOA-2017,PA-2018,RTC-2018,SOA-2018,SP-2019,SOA-2019,PA-2020,SOA-2020,RTC-2021,SOA-2021,PA-2022,RTC-2022,SOA-2022,RTC-2023,SP-2023,SOA-2023,SP-2026-DRAFT
Naming autism,person-first ('people with autism'),75.56675062972292,4.623208506703652,77.40884090446119,30.349013657056148,75.509461426492,71.95625059963542,80.8080808080808,46.10318331503842,77.69009604208723,59.49851253718657,63.633384312868685,51.10981308411215,23.49396051993156,4.3725404459991255,68.78075169375822,44.52408101210838,71.63323782234957,26.17014886953537,33.35899409802412,58.544984933275934,46.65938647870545,23.350217336638284,89.35018050541517,1.4606003067260642,13.994821915891121,18.503981159582818,104.53789498693276,76.20929329993297,62.478018908910364,35.59623696923468,19.222654601715973,76.11940298507463,71.8433225076272,65.31782698741436,80.43665613329503,14.938424542738469,71.80768029971901,61.95216967860621,75.75757575757576,14.149123183123955,53.67713454399519,29.31792705009916,42.49749788282393,19.175455417066154,29.641606036108865,2.5676138308798357
Naming autism,identity-first ('autistic people'),0.0,0.0,17.315135465471585,0.0,0.0,1.9188333493236112,0.0,0.0,0.6117330397014743,0.0,0.5462093074065982,0.0,0.25536913608621264,0.0,0.7728174347613282,1.0859531954172776,0.0,0.0,0.23327967900716168,0.0,0.9927529038022436,0.0,0.0,0.0,11.195857532712898,0.56072670180554,0.0,0.0,0.6206425719428181,0.0,1.4065357025645835,0.8528784648187633,0.0,9.558706388402102,2.154553289284688,4.007869999271296,33.30211260276824,9.739205713667353,39.82128982128982,7.288942245851735,16.303802548409752,103.47503664740881,9.084610054661637,58.68350580222832,88.0265876223839,22.008118550398592
Naming autism,'on the (autism) spectrum',0.0,0.0,5.09268690160929,0.0,2.7292576419213974,4.797083373309028,3.367003367003367,0.0,2.446932158805897,2.833262501770789,2.731046537032991,8.761682242990654,1.5322148165172758,2.429189136666181,2.5760581158710942,2.1719063908345553,0.0,2.1450941696340466,3.732474864114587,0.0,0.9927529038022436,1.436936451485433,3.6101083032490973,0.0,4.898187670561892,6.72872042166648,0.0,2.8225664185160357,10.550923723027909,3.3901178065937794,11.721130854704862,4.051172707889126,3.936620411376833,19.913971642504382,5.745475438092503,11.659258179698316,18.732438339057136,18.66681095119576,12.626262626262628,11.147794023067359,12.792214307213806,8.6229197206174,14.165832627607976,32.895824379277286,4.491152429713464,0.0
Naming autism,'autistic' (any use),6.869704602702084,0.0,24.444897127724587,2.5290844714213456,0.9097525473071325,3.8376666986472223,1.6835016835016836,1.6465422612513723,1.8351991191044228,1.4166312508853944,1.9117325759230936,7.3014018691588785,1.2768456804310633,2.429189136666181,3.091269739045313,3.800836183960471,3.5816618911174785,1.287056501780428,2.099517111064455,6.887645286267757,3.9710116152089743,1.0777023386140747,1.8050541516245486,0.0,14.694563011685675,1.68218010541662,1.5839074998020115,0.35282080231450447,2.0688085731427273,3.3901178065937794,3.281916639317361,2.55863539445629,0.9841551028442083,12.744941851202803,5.0272910083309394,4.736573635502441,56.197315017171405,10.821339681852615,45.64879564879565,9.861510097328816,20.567873984147685,131.0683797533845,13.241973977981369,72.73448606473369,142.81864726488817,24.82026703183841
Naming autism,ASD (cs),158.00320586214792,180.30513176144242,82.50152780607048,190.94587759231158,160.5713245997089,259.0425021586875,170.03367003367003,126.78375411635565,223.8942925307396,140.24649383765404,176.69871094603454,59.8714953271028,99.0832248014505,68.01729582665305,136.531080141168,125.97057066840419,183.85864374403056,105.96765197992191,123.6382298737957,178.2178217821782,190.6085575300308,98.78938103962354,194.04332129963902,2.1909004600890967,125.95339724302008,134.01368173152406,236.79417122040073,114.31393994989945,180.81386929267435,242.39342317145523,150.96816540859862,164.6055437100213,233.24475937407735,143.77887525888164,267.8827923010629,1.0930554543467172,146.73743365594754,129.85607618223136,53.41880341880342,1.2862839257385414,57.18872278519113,62.08502198844529,69.1354222803911,21.159123218831617,12.5752268031977,1.2226732527999216
Naming autism,'autism spectrum disorder(s)',16.029310739638195,23.11604253351826,34.63027093094317,10.116337885685383,42.30349344978166,4.797083373309028,28.61952861952862,7.135016465422612,4.893864317611794,19.832837512395525,3.2772558444395896,27.74532710280374,3.8305370412931894,7.773405237331779,40.186506607589074,7.058695770212304,17.908309455587393,4.719207173194904,8.631348123264983,28.4115368058545,33.753598729276284,3.5923411287135827,35.1985559566787,5.842401226904257,18.89300958645301,5.6072670180554,34.05401124574325,6.3507744416610805,4.551378860913999,28.81600135604712,6.563833278634722,17.69722814498934,23.619722468261,7.567309224151664,24.41827061189313,2.1861109086934345,24.976584452076178,9.19813872957472,24.281274281274282,3.0013291600565966,5.267382361793921,16.383547469173063,11.394256678728155,0.9918339008827323,9.880535345369623,0.12226732527999218
Naming autism,'disorder(s)',68.69704602702083,36.98566805362922,87.59421470767977,20.232675771370765,53.22052401746725,32.62016693850139,90.9090909090909,20.307354555433587,29.363185905670765,49.582093780988814,22.667686257373827,61.33177570093458,13.53456421256927,14.575134819997086,56.93088436075118,22.26204050605419,32.23495702005731,13.299583851731091,18.895653999580095,51.65733964700818,64.52893874714583,14.728598627725688,55.05415162454874,24.099905060980063,31.48834931075502,17.38252775597174,60.980438742377444,10.584624069435135,16.964230299770364,40.68141367912535,14.065357025645833,32.19616204690831,85.62149394744611,18.719133343954116,35.90922148807814,6.193980907964731,47.87178686647934,19.748944919381017,32.05128205128205,6.431419628692707,12.54138657569981,34.4916788824696,18.939102317345448,9.257116408238835,13.473457289140393,4.768425685919695
Naming autism,'condition(s)',0.0,0.0,1.0185373803218578,8.85179564997471,7.732896652110626,11.513000095941667,0.0,11.525795828759605,11.622927754328012,0.0,18.57111645182434,4.380841121495327,10.470134579534717,1.4575134819997084,4.894510420155078,8.14464896562958,4.775549188156638,8.151357844609379,15.16317913546551,8.609556607834696,3.9710116152089743,7.184682257427165,9.927797833935019,5.112101073541226,3.4987054789727803,9.53235393069418,2.3758612497030174,12.348728081007657,15.102302583941908,1.6950589032968897,14.065357025645833,8.315565031982942,19.683102056884163,19.913971642504382,2.8727377190462513,13.845369088391752,16.65105630138412,18.125743967103126,3.885003885003885,12.4340779488059,15.551319353867765,31.042510994222646,10.778350912310417,24.46523622177406,21.55753166262463,26.89881156159828
Naming autism,'profound autism',0.0,0.0,0.0,0.0,0.0,0.0,0.0,0.0,0.0,0.0,0.0,0.0,0.0,0.0,0.0,0.0,0.0,0.0,0.0,0.0,0.0,0.0,0.0,0.0,0.0,0.0,0.0,0.0,0.0,0.0,0.0,0.0,0.0,0.0,0.0,0.0,0.0,0.0,0.0,0.0,0.0,0.0,0.30795288320886904,0.0,0.0,5.502029637599648
Naming autism,nonspeaking / minimally verbal,0.0,0.0,1.0185373803218578,1.2645422357106728,1.3646288209606987,1.9188333493236112,0.0,4.939626783754116,3.0586651985073714,0.0,4.642779112956085,0.0,2.042953088689701,0.0,1.0304232463484377,0.0,0.0,1.287056501780428,3.2659155061002636,6.887645286267757,2.978258711406731,1.436936451485433,0.0,0.0,0.0,0.56072670180554,7.919537499010057,1.0584624069435133,2.0688085731427273,0.8475294516484448,0.0,1.9189765458422174,6.889085719909457,1.1948382985502628,6.463659867854065,0.3643518181155724,1.0406910188365075,1.0821339681852613,0.9712509712509713,0.0,0.5016554630279924,0.8622919720617401,2.309646624066518,1.1571395510298543,4.491152429713464,3.545752433119773
Naming autism,neurodivers*,0.0,0.0,0.0,0.0,0.0,0.0,0.0,0.0,0.0,0.0,0.0,0.0,0.25536913608621264,0.0,0.0,0.0,0.0,0.4290188339268094,0.0,0.8609556607834696,0.9927529038022436,0.35923411287135826,0.9025270758122743,0.0,0.0,0.56072670180554,0.7919537499010058,0.0,0.2068808573142727,0.8475294516484448,0.4688452341881945,0.0,0.9841551028442083,0.7965588657001752,0.7181844297615628,0.0,0.0,0.0,0.0,0.0,0.7524831945419886,0.0,3.6954345985064285,0.661222600588488,0.8982304859426928,0.0
What is to be done,treatment(s),29.768719945042363,23.11604253351826,12.222448563862294,22.76176024279211,15.010917030567686,30.70133358917778,13.468013468013469,26.344676180021956,25.69278766746192,28.33262501770789,25.39873279440682,14.602803738317757,21.961745703414284,28.664431812660936,22.66931141966563,30.949666069392407,13.132760267430754,24.883092367754944,24.494366295751977,25.82866982350409,6.949270326615705,23.709451449509647,24.368231046931406,13.14540276053458,43.38394793926248,26.91488168666592,26.926427496634197,3.1753872208305403,31.239009454455182,14.40800067802356,22.97341647522153,21.535181236673772,21.651412262572585,21.507089373904734,20.109164033323758,8.015739998542593,19.77312935789364,12.444540634130504,0.9712509712509713,7.288942245851735,13.293869770241798,0.0,10.93232735391485,4.959169504413661,5.3893829156561575,22.619455176798553
What is to be done,intervention(s),27.478818410808337,18.49283402681461,18.33367284579344,37.93626707132018,66.41193595342067,69.07800057565001,11.784511784511784,41.1635565312843,54.44424053343121,58.081881286301176,38.78086082586847,33.58644859813084,37.28389386858704,40.81037749599184,69.55356912851954,43.4381278166911,54.91881566380133,38.182676219486034,42.45690157930342,40.46491605682307,35.739104536880774,35.56417717426447,81.22743682310468,21.17870444752793,43.38394793926248,43.736682740832116,97.4103112378237,8.467699255548107,45.10002689451145,39.8338842274769,37.97646396924375,67.16417910447761,39.366204113768326,19.913971642504382,61.04567652973284,42.99351453763754,74.92975335622855,34.89882047397467,17.482517482517483,37.73099515499721,28.845189124109563,46.563766491333965,36.18446377704211,62.15492445531788,64.67259498787388,20.907712622878663
What is to be done,service(s),29.768719945042363,73.97133610725844,12.222448563862294,60.698027314112295,101.43740902474528,42.21433368511945,20.2020202020202,65.31284302963776,61.7850370098489,39.66567502479105,53.255407472143325,43.80841121495327,54.13825685027708,21.862702229995627,93.25330379453361,38.00836183960471,31.041069723018147,54.05637307477798,50.62169034455408,30.99440378820491,33.753598729276284,51.01124402773287,22.56317689530686,68.64821441612503,51.081099993002596,54.951216776942914,50.68503999366437,176.76322195956672,69.30508720028136,33.90117806593779,54.386047165830554,71.00213219616205,60.033461273496705,84.83351919706867,76.12754955472565,60.48240180718501,56.197315017171405,88.19391840709879,96.15384615384616,52.7376409552802,188.62245409852514,39.66543071484005,97.92901686042035,96.8691109862135,58.38498158627504,28.243752139678193
What is to be done,support(s),4.579803068468056,4.623208506703652,6.111224281931147,39.20080930703085,35.0254730713246,26.86366689053056,5.05050505050505,49.945115257958285,39.150914540894355,5.666525003541578,27.85667467773651,16.063084112149532,26.813759289052324,21.862702229995627,37.09523686854376,12.488461747298691,5.969436485195798,33.46346904629113,25.660764690787783,9.470512268618167,13.89854065323141,31.971836045550884,13.537906137184114,1.4606003067260642,41.98446574767336,33.6436021083324,17.422982497822126,69.15287725364287,33.92846059954073,9.322823968132893,43.133761545313895,35.82089552238806,17.71479185119575,38.6331049864585,28.009192760700948,50.280550899948985,26.017275470912683,57.08256682177253,43.70629370629371,46.30622132658748,78.7599076953948,31.904802966284382,54.815613211178686,61.16309055443514,24.25222312045271,61.74499926639604
What is to be done,therapeutic(s),0.0,0.0,0.0,0.0,0.0,0.9594166746618056,5.05050505050505,4.939626783754116,0.6117330397014743,0.0,0.8193139611098974,0.0,2.5536913608621266,4.858378273332362,2.318452304283985,1.6289297931259161,1.1938872970391594,2.574113003560856,0.6998390370214851,0.0,0.0,3.233107015842225,0.9025270758122743,0.0,2.099223287383668,4.48581361444432,0.0,0.0,2.896332002399818,0.8475294516484448,2.3442261709409724,1.0660980810234542,0.9841551028442083,0.7965588657001752,0.7181844297615628,2.5504627268090068,0.0,2.705334920463154,0.0,1.7150452343180553,1.254138657569981,0.0,1.0778350912310417,0.9918339008827323,0.8982304859426928,10.759524624639312
What is to be done,cure(s),0.0,0.0,5.09268690160929,0.0,0.45487627365356625,0.9594166746618056,0.0,0.0,0.0,0.0,0.0,0.0,0.25536913608621264,0.9716756546664723,0.0,0.0,0.0,0.4290188339268094,0.46655935801432336,0.0,0.0,0.35923411287135826,0.0,0.0,0.0,0.56072670180554,0.0,0.0,0.0,0.0,1.4065357025645835,0.0,0.0,0.0,0.0,0.7287036362311448,0.0,0.0,0.0,0.8575226171590277,0.5016554630279924,0.0,0.30795288320886904,0.0,0.0,0.7336039516799531
What is to be done,prevent*,16.029310739638195,32.36245954692557,13.240985944184152,11.380880121396055,12.736535662299854,20.147750167897918,3.367003367003367,6.0373216245883645,14.069859913133909,7.083156254426973,11.743500109241863,5.841121495327102,8.427181490845017,1.9433513093329446,10.046626651897268,7.601672367920942,9.551098376313275,8.580376678536187,8.39806844425782,7.748600947051227,8.934776134220193,7.543916370298524,9.025270758122744,127.0722266851676,4.898187670561892,10.653807334305261,5.54367624930704,7.409236848604594,6.827068291371,11.865412323078226,7.970368981199306,7.462686567164179,7.873240822753666,7.567309224151664,11.490950876185005,7.65138818042702,4.16276407534603,10.821339681852615,2.913752913752914,6.002658320113193,8.52814287147587,2.58687591618522,8.468704288243899,4.132641253678051,8.084074373484235,8.558712769599452
What is to be done,precision,0.0,0.0,0.0,0.0,0.0,0.0,0.0,0.0,0.0,0.0,0.0,0.0,0.0,0.0,0.0,1.6289297931259161,0.0,0.0,0.23327967900716168,0.0,0.0,0.0,0.0,0.0,0.0,0.0,0.0,0.0,0.4137617146285454,0.0,0.0,0.0,0.0,0.0,0.0,0.0,0.0,0.0,0.0,0.0,0.0,0.0,0.0,0.165305650147122,0.0,7.091504866239546
What is to be done,biomarker(s),2.289901534234028,0.0,5.09268690160929,2.5290844714213456,1.819505094614265,6.71591672263264,0.0,4.939626783754116,3.6703982382088456,2.833262501770789,4.642779112956085,0.0,6.8949666743277405,0.48583782733323616,0.5152116231742189,9.230602161046859,3.5816618911174785,4.719207173194904,7.464949728229174,0.0,0.0,5.388511693070374,0.9025270758122743,0.0,3.4987054789727803,7.28944712347202,0.0,0.35282080231450447,7.861472577942363,0.8475294516484448,4.688452341881945,1.492537313432836,2.952465308532625,1.1948382985502628,0.0,5.1009254536180135,0.0,2.9758684125094685,0.0,4.716374394374651,0.0,0.0,3.3874817152975596,3.8020299533838067,0.0,24.82026703183841
What is to be done,clinical trial(s),0.0,0.0,0.0,0.0,0.9097525473071325,1.9188333493236112,1.6835016835016836,1.6465422612513723,0.6117330397014743,0.0,0.8193139611098974,0.0,2.809060496948339,0.48583782733323616,2.0608464926968755,5.4297659770863875,2.387774594078319,0.8580376678536188,5.365432617164719,0.8609556607834696,0.0,0.7184682257427165,5.415162454873646,0.0,1.3994821915891122,1.68218010541662,0.0,0.0,3.1032128597140907,0.0,0.937690468376389,2.1321961620469083,0.0,0.0,6.463659867854065,0.7287036362311448,6.2441461130190445,2.434801428416838,6.7987567987567985,0.8575226171590277,0.2508277315139962,0.0,1.8477172992532143,2.4795847522068306,0.0,0.36680197583997654
What is to be done,translation(al),0.0,0.0,0.0,0.0,0.9097525473071325,2.8782500239854167,0.0,0.0,1.8351991191044228,0.0,3.2772558444395896,0.0,2.2983222247759136,2.429189136666181,1.5456348695226565,0.0,0.0,0.0,3.2659155061002636,1.7219113215669393,0.0,0.7184682257427165,0.0,0.0,4.898187670561892,0.56072670180554,0.7919537499010058,1.0584624069435133,0.8275234292570908,0.0,0.0,1.7057569296375266,0.0,0.0,0.0,0.3643518181155724,0.0,1.8937344443242075,0.0,0.8575226171590277,0.5016554630279924,0.0,0.9238586496266071,0.9918339008827323,0.0,18.217831466718835
What is to be done,evidence-based,0.0,0.0,0.0,3.7936267071320184,11.826783114992724,3.8376666986472223,0.0,1.6465422612513723,3.6703982382088456,11.333050007083155,3.5503604981428887,1.4602803738317756,2.042953088689701,0.9716756546664723,13.39550220252969,1.0859531954172776,0.0,3.432150671414475,2.7993561480859404,0.0,2.978258711406731,3.233107015842225,0.0,8.763601840356387,4.898187670561892,5.046540316249859,3.167814999604023,2.469745616201531,8.482115149885182,0.0,6.094988044446528,6.609808102345416,0.9841551028442083,3.5845148956507886,2.154553289284688,5.465277271733586,4.16276407534603,7.57493777729683,0.0,4.287613085795138,4.765726898765927,0.0,5.081222572946339,4.793863854266538,1.7964609718853857,0.0
What is to be done,implementation,0.0,0.0,0.0,7.587253414264037,7.27802037845706,2.8782500239854167,0.0,6.586169045005489,3.0586651985073714,1.4166312508853944,3.5503604981428887,0.0,2.809060496948339,0.0,9.27380921713594,4.343812781669111,0.0,2.574113003560856,5.1321529381575575,0.8609556607834696,0.0,2.5146387900995077,0.9025270758122743,2.1909004600890967,2.099223287383668,0.56072670180554,2.3758612497030174,4.939491232403062,4.965140575542545,1.6950589032968897,1.4065357025645835,12.57995735607676,1.9683102056884165,5.177632627051139,2.8727377190462513,1.0930554543467172,3.1220730565095223,4.05800238069473,0.0,3.0013291600565966,8.778970602989865,1.7245839441234803,11.086303795519285,3.6367243032366847,0.8982304859426928,39.003276764317505
Causes and biology,cause / causal*,9.159606136936112,23.11604253351826,20.37074760643716,13.909964592817401,4.093886462882096,23.98541686654514,15.151515151515152,4.390779363336992,17.740258151342754,12.749681257968552,13.382128031461656,29.205607476635514,4.85201358563804,0.9716756546664723,2.318452304283985,12.488461747298691,25.07163323782235,8.151357844609379,10.497585555322276,11.192423590185106,9.927529038022437,5.388511693070374,6.317689530685921,5.842401226904257,7.697152053740116,5.046540316249859,11.08735249861408,0.7056416046290089,9.516519436456544,15.255530129672007,5.626142810258334,3.837953091684435,12.794016336974707,3.5845148956507886,7.181844297615628,2.914814544924579,1.0406910188365075,2.9758684125094685,2.913752913752914,2.143806542897569,1.7557941205979735,4.3114598603087,4.619293248133036,5.951003405296393,0.0,7.213772191519538
Causes and biology,risk factor(s),6.869704602702084,23.11604253351826,8.148299042574862,10.116337885685383,4.548762736535663,14.391250119927083,8.417508417508417,14.270032930845224,12.234660794029486,2.833262501770789,9.558662879615468,1.4602803738317756,17.109732117776243,35.46616139532624,3.864087173806641,5.4297659770863875,3.5816618911174785,21.450941696340468,4.432313901136072,6.026689625484288,1.9855058076044871,20.47634443366742,0.9025270758122743,7.303001533630322,25.890420544398573,25.793428283054837,1.5839074998020115,1.7641040115725222,6.827068291371,1.6950589032968897,13.596511791457639,5.970149253731344,0.9841551028442083,5.974191492751314,3.590922148807814,0.0,0.0,1.8937344443242075,2.913752913752914,0.0,0.7524831945419886,0.0,1.3857879744399106,0.165305650147122,0.0,0.12226732527999218
Causes and biology,environmental,2.289901534234028,4.623208506703652,4.074149521287431,16.439049064238745,10.007278020378457,40.295500335795836,5.05050505050505,17.563117453347967,34.86878326298403,1.4166312508853944,26.218046755516717,10.22196261682243,14.55604075691412,10.20259437399796,7.985780159200392,13.57441494271597,4.775549188156638,15.444678021365139,12.130543308372408,5.165733964700818,3.9710116152089743,14.010130401982972,1.8050541516245486,0.0,9.796375341123785,20.186161264999438,3.9597687495050287,1.4112832092580179,14.067898297370544,7.627765064836003,16.878428430775003,10.44776119402985,1.9683102056884165,5.177632627051139,13.645504165469692,30.60555272170808,8.32552815069206,7.845471269343144,7.77000777000777,19.294258886078122,2.0066218521119694,6.898335776493921,5.543151897759643,15.373425463682349,6.28761340159885,8.803247420159437
Causes and biology,genetic* / genomic*,2.289901534234028,0.0,22.407822367080872,10.116337885685383,7.27802037845706,41.25491701045764,45.45454545454545,13.172338090010978,40.3743806202973,16.999575010624735,31.953244483285992,29.205607476635514,11.236241987793356,14.575134819997086,4.37929879698086,26.605853287723296,22.68385864374403,11.583508516023855,22.861408542701845,8.609556607834696,35.739104536880774,14.010130401982972,2.707581227436823,6.57270138026729,14.694563011685675,21.868341370416058,12.671259998416092,0.0,29.377081738626725,19.49317738791423,16.40958319658681,5.970149253731344,14.762326542663125,3.982794328500876,13.645504165469692,30.60555272170808,12.488292226038089,4.328535872741045,13.597513597513597,22.72434935471423,0.2508277315139962,25.006467189790463,3.541458156901994,21.489734519125864,4.491152429713464,15.038881009439038
Causes and biology,vaccin*,0.0,0.0,15.278060704827867,1.2645422357106728,0.0,18.228916818574305,0.0,0.548847420417124,8.564262555820639,1.4166312508853944,5.188988420362683,0.0,0.25536913608621264,0.0,2.0608464926968755,0.0,0.0,0.4290188339268094,0.23327967900716168,0.0,11.913034845626925,0.35923411287135826,30.685920577617328,0.7303001533630321,0.0,0.0,8.711491248911063,0.0,0.2068808573142727,0.0,0.0,1.0660980810234542,17.71479185119575,0.0,16.518241884515945,0.0,0.0,3.246401904555784,0.0,0.0,0.2508277315139962,0.0,0.46192932481330357,3.967335603530929,0.0,0.0
Causes and biology,immun*,22.89901534234028,0.0,14.25952332450601,3.7936267071320184,0.45487627365356625,8.634750071956251,1.6835016835016836,6.0373216245883645,4.893864317611794,1.4166312508853944,5.188988420362683,1.4602803738317756,6.128859266069103,1.4575134819997084,5.409722043329297,11.945485149590052,2.387774594078319,6.435282508902141,6.298551333193366,6.026689625484288,0.9927529038022436,5.747745805941732,0.9025270758122743,0.0,2.099223287383668,6.72872042166648,0.7919537499010058,0.0,4.551378860913999,4.237647258242224,5.626142810258334,2.345415778251599,0.9841551028442083,1.991397164250438,0.7181844297615628,5.465277271733586,0.0,0.2705334920463153,0.0,4.287613085795138,0.0,0.8622919720617401,0.6159057664177381,3.4714186530895623,0.0,27.75468283855822
Causes and biology,mitochondri*,0.0,0.0,0.0,0.0,0.0,0.9594166746618056,0.0,1.097694840834248,0.6117330397014743,19.832837512395525,1.6386279222197948,0.0,1.0214765443448506,0.0,0.0,0.5429765977086388,0.0,0.8580376678536188,0.6998390370214851,0.0,0.0,0.7184682257427165,0.0,0.0,0.0,0.56072670180554,0.0,0.0,0.0,0.0,0.4688452341881945,0.0,0.0,0.0,0.0,0.3643518181155724,0.0,0.0,0.0,0.42876130857951383,0.0,0.0,0.0,0.0,0.0,9.414584046559398
Causes and biology,gut / microbiome / GI,0.0,0.0,2.0370747606437156,0.0,2.7292576419213974,2.8782500239854167,6.734006734006734,2.7442371020856204,1.8351991191044228,2.833262501770789,5.188988420362683,0.0,2.042953088689701,0.48583782733323616,2.318452304283985,4.343812781669111,0.0,2.1450941696340466,3.499195185107425,18.941024537236334,3.9710116152089743,1.436936451485433,0.9025270758122743,0.0,0.0,2.24290680722216,0.0,0.35282080231450447,3.723855431656909,0.0,1.875380936752778,1.492537313432836,0.9841551028442083,2.3896765971005256,0.0,1.821759090577862,0.0,0.5410669840926307,0.0,1.2862839257385414,0.2508277315139962,0.0,0.15397644160443452,5.785697755149272,8.084074373484235,19.92957402063872
Causes and biology,folate / leucovorin,0.0,0.0,0.0,0.0,0.0,0.0,0.0,0.0,0.0,0.0,0.0,0.0,0.0,0.0,0.0,0.0,0.0,0.0,0.23327967900716168,0.0,0.0,0.0,0.0,0.0,0.0,0.0,0.0,0.0,0.2068808573142727,13.560471226375117,0.0,0.0,0.0,0.0,0.0,0.0,0.0,0.0,0.0,0.0,0.0,0.0,0.0,0.0,0.0,12.96033647967917
Causes and biology,regression,0.0,0.0,0.0,1.2645422357106728,0.45487627365356625,0.0,1.6835016835016836,1.097694840834248,6.729063436716217,4.249893752656184,3.00415119073629,0.0,1.2768456804310633,0.0,0.7728174347613282,0.0,0.0,0.8580376678536188,1.6329577530501318,3.4438226431338785,0.0,1.0777023386140747,0.0,0.0,0.0,0.0,0.0,0.0,0.0,0.0,0.0,0.0,0.0,0.0,1.4363688595231257,0.0,1.0406910188365075,0.0,14.56876456876457,0.0,0.0,15.521255497111323,0.15397644160443452,0.0,0.8982304859426928,21.641316574558616
Causes and biology,prenatal / maternal,16.029310739638195,4.623208506703652,6.111224281931147,3.7936267071320184,2.2743813682678313,4.797083373309028,5.05050505050505,4.939626783754116,3.0586651985073714,2.833262501770789,3.5503604981428887,0.0,3.8305370412931894,1.4575134819997084,4.63690460856797,7.058695770212304,4.775549188156638,5.577244841048523,8.39806844425782,19.801980198019802,9.927529038022437,4.670043467327657,10.830324909747292,2.9212006134521284,0.6997410957945561,3.9250869126387795,15.839074998020115,4.233849627774053,4.758259718228272,27.968471904398676,3.750761873505556,4.477611940298507,1.9683102056884165,1.1948382985502628,25.85463947141626,3.643518181155724,9.366219169528568,2.434801428416838,5.827505827505828,4.287613085795138,0.7524831945419886,12.934379580926102,2.309646624066518,2.9755017026481965,1.7964609718853857,6.969237540959554
Causes and biology,exposure(s),0.0,0.0,3.0556121409655734,6.322711178553364,0.45487627365356625,20.147750167897918,1.6835016835016836,3.2930845225027445,14.681592952835382,1.4166312508853944,10.924186148131964,0.0,4.085906177379402,0.0,1.8032406811097659,10.316555356464136,1.1938872970391594,3.432150671414475,13.063662024401054,3.4438226431338785,2.978258711406731,2.873872902970866,5.415162454873646,0.7303001533630321,0.6997410957945561,6.16799371986094,2.3758612497030174,0.0,16.343587727827543,12.712941774726673,4.688452341881945,1.9189765458422174,0.9841551028442083,1.991397164250438,6.463659867854065,3.2791663630401517,0.0,2.434801428416838,0.0,2.143806542897569,0.0,3.4491678882469605,1.2318115328354762,8.09997685720898,0.0,7.702841492639507
Causes and biology,heterogene*,0.0,0.0,0.0,1.2645422357106728,0.45487627365356625,9.594166746618056,0.0,2.7442371020856204,6.117330397014743,1.4166312508853944,3.5503604981428887,0.0,0.7661074082586379,0.0,0.0,2.1719063908345553,0.0,0.8580376678536188,2.332796790071617,0.8609556607834696,0.0,1.0777023386140747,2.707581227436823,0.0,0.0,1.12145340361108,0.0,6.3507744416610805,5.585783147485363,0.8475294516484448,1.4065357025645835,0.0,0.0,0.3982794328500876,0.0,1.0930554543467172,0.0,0.5410669840926307,0.0,0.42876130857951383,1.254138657569981,0.0,0.0,2.4795847522068306,0.0,6.113366263999609
Causes and biology,brain / neural / neuron*,89.30615983512708,0.0,39.72295783255245,7.587253414264037,3.63901018922853,23.98541686654514,47.138047138047135,15.916575192096596,18.351991191044227,76.4980875478113,16.932488529604544,54.0303738317757,19.918792614724584,1.9433513093329446,4.63690460856797,45.06705760981702,46.561604584527224,14.586640353511518,22.62812886369468,43.04778303917348,12.905787749429166,12.57319395049754,25.270758122743683,0.0,25.190679448604016,23.550521475832678,39.59768749505029,1.0584624069435133,37.238554316569086,31.358589710992458,17.81611889915139,4.051172707889126,62.001771479185116,1.991397164250438,2.154553289284688,21.1324054507032,9.366219169528568,3.5169353966020993,23.31002331002331,24.8681558976118,0.2508277315139962,28.455635078037425,4.927246131341905,20.9938175686845,14.371687775083085,6.480168239839585
"People, participation, equity",community,6.869704602702084,4.623208506703652,0.0,21.497218007081436,20.014556040756915,22.06658351722153,5.05050505050505,23.05159165751921,27.52798678656634,7.083156254426973,19.936639720340835,18.983644859813083,18.64194693429352,13.603459165330612,23.184523042839846,16.8322745289678,17.908309455587393,18.018791024925996,25.894044369794948,15.497201894102455,12.905787749429166,20.117110320796062,10.830324909747292,11.684802453808514,23.091456161220346,20.74688796680498,9.50344499881207,25.050276964329814,20.894966588741543,11.865412323078226,23.442261709409724,21.321961620469082,8.857395925597874,49.784929106260954,27.291008330939384,24.047219995627778,6.2441461130190445,35.16935396602099,11.655011655011656,24.010633280452772,26.587739540483597,4.3114598603087,26.483947955962737,33.061130029424405,12.5752268031977,10.148187998239349
"People, participation, equity",stakeholder(s),0.0,13.869625520110958,0.0,3.7936267071320184,3.1841339155749635,4.797083373309028,0.0,3.2930845225027445,3.0586651985073714,0.0,1.6386279222197948,1.4602803738317756,1.7875839526034885,5.344216100665598,2.8336639274582036,1.6289297931259161,1.1938872970391594,2.574113003560856,0.6998390370214851,0.8609556607834696,0.9927529038022436,2.5146387900995077,0.9025270758122743,4.381800920178193,4.898187670561892,3.36436021083324,0.7919537499010058,13.054369685636665,2.4825702877712725,0.8475294516484448,2.813071405129167,2.1321961620469083,0.9841551028442083,6.372470925601402,0.7181844297615628,1.4574072724622895,1.0406910188365075,2.9758684125094685,0.9712509712509713,1.7150452343180553,3.2607605096819507,0.8622919720617401,2.1556701824620834,1.4877508513240982,0.8982304859426928,0.9781386022399374
"People, participation, equity",self-advoca*,0.0,0.0,0.0,0.0,0.0,0.0,0.0,0.0,0.0,1.4166312508853944,0.0,1.4602803738317756,0.25536913608621264,0.48583782733323616,1.0304232463484377,0.5429765977086388,1.1938872970391594,0.4290188339268094,0.46655935801432336,0.8609556607834696,1.9855058076044871,0.7184682257427165,1.8050541516245486,0.0,0.0,0.56072670180554,1.5839074998020115,1.7641040115725222,0.6206425719428181,0.8475294516484448,0.4688452341881945,0.21321961620469082,0.9841551028442083,3.186235462800701,0.7181844297615628,0.3643518181155724,2.081382037673015,1.0821339681852613,0.9712509712509713,0.8575226171590277,2.2574495836259656,0.8622919720617401,1.3857879744399106,0.0,0.8982304859426928,0.0
"People, participation, equity",lived experience,0.0,0.0,0.0,0.0,0.0,0.0,0.0,0.0,0.0,0.0,0.0,0.0,0.0,0.0,0.0,0.0,0.0,0.0,0.0,0.0,0.0,0.0,0.0,0.0,0.0,0.0,0.0,0.0,0.0,0.0,0.0,0.0,0.0,0.0,0.0,0.3643518181155724,0.0,0.2705334920463153,0.0,0.8575226171590277,0.0,0.0,0.30795288320886904,1.322445201176976,0.0,0.6113366263999608
"People, participation, equity",family / caregiver / parent,27.478818410808337,9.246417013407305,45.8341821144836,12.645422357106728,44.12299854439593,48.930250407752084,58.92255892255892,17.563117453347967,40.3743806202973,38.24904377390565,38.234651518461874,33.58644859813084,17.109732117776243,6.801729582665306,65.94708776630002,28.234783080849216,66.85768863419294,20.59290402848685,21.461730468658875,34.438226431338784,77.434726496575,14.010130401982972,59.5667870036101,9.493901993719419,20.292491778042127,17.38252775597174,44.34940999445632,45.16106269625657,45.51378860914,34.74870751758624,18.284964133339585,59.701492537313435,56.096840862119876,43.41245818065955,27.291008330939384,16.395831815200758,44.74971380996982,60.058435234282,83.52758352758352,18.436736268919095,84.52894552021672,31.904802966284382,43.883285857263836,57.19575495090422,31.438067007994253,43.893969775517185
"People, participation, equity",disparit*,0.0,0.0,0.0,2.5290844714213456,3.1841339155749635,0.9594166746618056,6.734006734006734,1.6465422612513723,1.2234660794029486,0.0,3.5503604981428887,1.4602803738317756,2.2983222247759136,0.0,3.091269739045313,4.343812781669111,2.387774594078319,1.287056501780428,3.965754543121749,2.582866982350409,2.978258711406731,1.0777023386140747,0.0,2.1909004600890967,0.0,4.48581361444432,3.9597687495050287,1.7641040115725222,7.240830005999545,5.085176709890669,20.16034507009236,7.036247334754797,0.9841551028442083,4.381073761350964,14.363688595231256,18.581942723894194,33.30211260276824,4.05800238069473,13.597513597513597,0.0,5.518210093307917,25.006467189790463,2.9255523904842557,13.224452011769763,16.16814874696847,0.8558712769599451
"People, participation, equity",equity / equitable,0.0,0.0,0.0,0.0,0.45487627365356625,0.0,0.0,1.097694840834248,0.0,0.0,0.5462093074065982,0.0,0.25536913608621264,0.48583782733323616,0.0,0.0,0.0,0.4290188339268094,0.46655935801432336,0.0,0.0,0.35923411287135826,0.0,0.0,0.0,0.0,0.0,0.35282080231450447,0.4137617146285454,0.0,0.0,0.0,0.0,0.7965588657001752,0.0,1.821759090577862,1.0406910188365075,1.0821339681852613,2.913752913752914,0.42876130857951383,9.531453797531855,2.58687591618522,5.8511047809685115,5.951003405296393,3.5929219437707713,0.9781386022399374
"People, participation, equity",diverse / diversity,0.0,4.623208506703652,0.0,7.587253414264037,2.7292576419213974,11.513000095941667,1.6835016835016836,5.488474204171241,8.564262555820639,4.249893752656184,4.642779112956085,2.920560747663551,4.596644449551827,0.9716756546664723,1.5456348695226565,3.2578595862518323,1.1938872970391594,4.719207173194904,6.99839037021485,2.582866982350409,0.9927529038022436,4.310809354456299,3.6101083032490973,1.4606003067260642,1.3994821915891122,2.8036335090277,2.3758612497030174,2.469745616201531,8.068353435256636,0.0,3.281916639317361,1.0660980810234542,1.9683102056884165,5.177632627051139,2.154553289284688,4.007869999271296,0.0,2.1642679363705226,2.913752913752914,0.0,2.508277315139962,1.7245839441234803,3.0795288320886907,14.050980262505371,10.778765831312315,2.3230791803198514
"People, participation, equity",inclusi*,2.289901534234028,0.0,0.0,2.5290844714213456,2.2743813682678313,2.8782500239854167,0.0,3.2930845225027445,2.446932158805897,1.4166312508853944,1.3655232685164955,1.4602803738317756,3.319798769120764,1.4575134819997084,3.091269739045313,0.5429765977086388,0.0,3.432150671414475,1.6329577530501318,10.331467929401636,0.9927529038022436,4.310809354456299,3.6101083032490973,0.7303001533630321,5.597928766356449,4.48581361444432,0.0,3.8810288254595493,2.896332002399818,0.8475294516484448,5.15729757607014,3.6247334754797444,3.936620411376833,4.779353194201051,0.7181844297615628,7.287036362311448,1.0406910188365075,7.845471269343144,1.9425019425019425,0.8575226171590277,6.772348750877898,0.0,7.852798521826161,6.942837306179125,0.0,4.157089059519734
"People, participation, equity",racial / ethnic* / minorit*,0.0,0.0,0.0,2.5290844714213456,4.548762736535663,5.7565000479708335,21.885521885521886,4.939626783754116,4.282131277910319,0.0,4.096569805549486,1.4602803738317756,2.2983222247759136,0.0,4.121692985393751,5.4297659770863875,5.969436485195798,3.8611695053412847,4.432313901136072,7.748600947051227,5.956517422813462,2.873872902970866,7.2202166064981945,18.987803987438838,0.0,1.68218010541662,2.3758612497030174,3.8810288254595493,5.999544862113909,11.865412323078226,11.252285620516668,11.940298507462687,2.952465308532625,3.982794328500876,16.518241884515945,5.465277271733586,45.790404828806324,8.386538253435775,24.281274281274282,0.0,7.27400421390589,31.904802966284382,6.005081222572946,17.026481965153568,46.707985269020035,3.0566831319998045
"People, participation, equity",underserved,0.0,0.0,0.0,1.2645422357106728,6.823144104803493,0.0,0.0,2.7442371020856204,1.8351991191044228,0.0,1.0924186148131965,0.0,1.2768456804310633,0.0,6.182539478090626,1.6289297931259161,0.0,1.287056501780428,2.099517111064455,1.7219113215669393,1.9855058076044871,1.436936451485433,0.0,0.0,0.6997410957945561,2.24290680722216,0.0,2.1169248138870267,3.516974574342636,0.0,2.813071405129167,4.690831556503198,0.0,1.1948382985502628,0.0,2.914814544924579,3.1220730565095223,4.328535872741045,0.9712509712509713,1.2862839257385414,3.2607605096819507,0.0,3.0795288320886907,7.769365556914735,0.0,1.4672079033599061
"People, participation, equity",women / girls / female(s),9.159606136936112,0.0,0.0,3.7936267071320184,2.2743813682678313,6.71591672263264,18.51851851851852,1.6465422612513723,4.282131277910319,4.249893752656184,4.915883766659384,5.841121495327102,1.7875839526034885,0.0,1.8032406811097659,3.2578595862518323,2.387774594078319,1.287056501780428,4.898873259150395,1.7219113215669393,48.64489228630994,1.436936451485433,6.317689530685921,102.2420214708245,3.4987054789727803,3.9250869126387795,29.302288746337215,0.7056416046290089,16.136706870513272,18.645647936265785,18.284964133339585,3.1982942430703627,5.90493061706525,4.381073761350964,10.772766446423441,20.768053632587627,20.81382037673015,2.434801428416838,31.08003108003108,3.0013291600565966,0.2508277315139962,13.796671552987842,2.7715759488798213,19.01014976691903,14.371687775083085,0.12226732527999218
"People, participation, equity",gender / sex differences,0.0,0.0,1.0185373803218578,1.2645422357106728,0.9097525473071325,2.8782500239854167,3.367003367003367,3.2930845225027445,1.2234660794029486,0.0,3.5503604981428887,0.0,2.2983222247759136,0.0,0.7728174347613282,1.6289297931259161,0.0,2.1450941696340466,2.7993561480859404,1.7219113215669393,5.956517422813462,1.7961705643567913,0.0,0.0,0.0,5.6072670180554,5.54367624930704,0.7056416046290089,2.2756894304569997,1.6950589032968897,9.37690468376389,2.55863539445629,1.9683102056884165,1.1948382985502628,0.0,1.821759090577862,8.32552815069206,1.352667460231577,1.9425019425019425,4.716374394374651,0.2508277315139962,0.8622919720617401,1.8477172992532143,7.769365556914735,0.8982304859426928,0.0
"People, participation, equity",quality of life / well-being,0.0,0.0,0.0,13.909964592817401,5.913391557496362,4.797083373309028,0.0,13.721185510428102,12.84639383373096,0.0,9.28555822591217,0.0,7.661074082586379,2.429189136666181,4.63690460856797,2.7148829885431938,4.775549188156638,9.438414346389807,8.164788765250659,0.8609556607834696,0.9927529038022436,8.26238459604124,0.9025270758122743,2.1909004600890967,4.198446574767336,8.4109005270831,0.7919537499010058,9.52616166249162,9.93028115108509,3.3901178065937794,7.501523747011112,4.690831556503198,4.920775514221041,6.372470925601402,3.590922148807814,7.65138818042702,2.081382037673015,30.570284601233634,0.9712509712509713,10.290271405908332,11.036420186615834,2.58687591618522,9.700515821079374,13.05914636162264,0.0,6.846970215679561
Life course,early identification/intervention,6.869704602702084,0.0,5.09268690160929,6.322711178553364,10.007278020378457,6.71591672263264,5.05050505050505,6.0373216245883645,8.564262555820639,16.999575010624735,7.920034957395674,10.22196261682243,7.150335810413954,0.48583782733323616,12.62268476776836,4.886789379377748,4.775549188156638,5.577244841048523,9.097907481279305,18.941024537236334,16.876799364638142,4.310809354456299,25.270758122743683,0.7303001533630321,5.597928766356449,6.72872042166648,7.127583749109053,2.1169248138870267,7.861472577942363,12.712941774726673,8.439214215387501,9.80810234541578,8.857395925597874,6.770750358451489,21.545532892846882,6.193980907964731,19.77312935789364,9.739205713667353,1.9425019425019425,5.5738970115336794,8.277315139961875,30.180219022160905,10.316421587497112,5.785697755149272,16.16814874696847,0.8558712769599451
Life course,screening,2.289901534234028,0.0,8.148299042574862,8.85179564997471,14.55604075691412,5.7565000479708335,1.6835016835016836,10.428100987925356,9.175995595522114,9.916418756197762,11.197290801835264,4.380841121495327,17.875839526034884,0.48583782733323616,15.456348695226565,8.687625563338221,1.1938872970391594,22.7379981981209,13.063662024401054,15.497201894102455,24.81882259505609,22.272514998024214,30.685920577617328,228.58394800262909,25.890420544398573,23.550521475832678,0.7919537499010058,2.469745616201531,22.75689430457,1.6950589032968897,15.940737962398613,15.13859275053305,7.873240822753666,11.948382985502628,19.390979603562194,22.225460905049918,30.180039546258715,14.338275078454714,29.13752913752914,13.720361874544443,6.772348750877898,31.042510994222646,9.084610054661637,22.316262769861474,25.1504536063954,5.991098938719617
Life course,diagnos*,27.478818410808337,32.36245954692557,37.68588307190874,16.439049064238745,37.29985443959243,40.295500335795836,92.59259259259258,21.405049396267835,34.257050223282555,36.83241252302026,26.764256062923312,16.063084112149532,23.23859138384535,11.174270028664433,34.00396712949844,35.83645544877016,26.26552053486151,26.17014886953537,25.42748501178062,38.743004735256136,45.66663357490321,25.8648561267378,50.541516245487365,7.303001533630322,43.38394793926248,28.036335090277,29.302288746337215,11.995907278693151,30.618366882512362,57.63200271209424,23.911106943597918,37.953091684434966,43.30282452514517,13.939780149753068,56.018385521401896,28.419441813014647,45.790404828806324,19.20787793528839,73.81507381507382,19.723020194657632,22.574495836259658,106.06191256359403,21.710678266225266,35.706020431778356,57.48675110033234,26.287474935198315
Life course,adult(s) / adulthood,25.188916876574307,4.623208506703652,3.0556121409655734,25.290844714213456,19.10480349344978,32.62016693850139,1.6835016835016836,25.79582875960483,37.92744846149141,4.249893752656184,31.133930522176097,43.80841121495327,15.832886437345184,2.429189136666181,22.15409979649141,33.6645490579356,27.459407831900666,13.7286026856579,32.425875381995475,16.358157554885924,22.833316787451604,12.57319395049754,74.90974729241877,106.6238223910027,16.09404520327479,14.0181675451385,13.463213748317099,81.85442613696503,55.237188902910816,4.237647258242224,18.75380936752778,26.652452025586353,47.239444936522,23.498486538155166,21.545532892846882,15.30277636085404,86.37735456343013,31.652418569418895,43.70629370629371,17.579213651760067,38.12581519012742,89.67836509442098,26.022018631149432,47.938638542665394,25.1504536063954,20.051841345918717
Life course,aging / older / elderly,4.579803068468056,4.623208506703652,10.18537380321858,2.5290844714213456,0.9097525473071325,6.71591672263264,10.1010101010101,2.7442371020856204,4.282131277910319,1.4166312508853944,6.00830238147258,18.983644859813083,1.7875839526034885,0.48583782733323616,2.0608464926968755,5.972742574795026,5.969436485195798,0.8580376678536188,3.032635827093102,7.748600947051227,1.9855058076044871,1.436936451485433,18.050541516245488,37.24530782151464,1.3994821915891122,2.24290680722216,5.54367624930704,2.8225664185160357,2.0688085731427273,5.085176709890669,1.875380936752778,1.9189765458422174,6.889085719909457,2.3896765971005256,5.745475438092503,2.5504627268090068,22.895202414403162,6.222270317065252,15.54001554001554,1.7150452343180553,9.029798334503862,8.6229197206174,6.313034105781815,8.926505107944589,6.28761340159885,12.34899985327921
Life course,transition*,2.289901534234028,4.623208506703652,0.0,5.058168942842691,15.920669577874818,3.8376666986472223,0.0,3.841931942919868,6.729063436716217,1.4166312508853944,5.735197727769282,1.4602803738317756,5.362751857810465,0.48583782733323616,22.411705608078517,0.5429765977086388,7.163323782234957,4.290188339268093,3.732474864114587,0.8609556607834696,0.0,3.5923411287135827,11.732851985559567,0.0,4.898187670561892,5.6072670180554,0.7919537499010058,97.37854143880324,8.068353435256636,0.0,9.845749917952084,26.439232409381663,5.90493061706525,7.169029791301577,13.645504165469692,9.473147271004882,11.447601207201581,20.019478411427336,13.597513597513597,8.575226171590275,14.798836159325775,3.4491678882469605,15.243667718839017,7.769365556914735,12.5752268031977,10.514989974079326
Life course,employment / workforce / vocational,4.579803068468056,0.0,2.0370747606437156,5.058168942842691,15.010917030567686,4.797083373309028,0.0,8.781558726673984,6.729063436716217,0.0,7.646930303692375,1.4602803738317756,7.405704946500165,1.4575134819997084,19.062830057446096,7.058695770212304,50.1432664756447,7.293320176755759,6.531831012200527,18.941024537236334,15.884046460835897,7.184682257427165,20.75812274368231,0.7303001533630321,2.7989643831782245,8.4109005270831,8.711491248911063,55.3928659633772,14.274779154684817,0.0,8.908059449575696,15.35181236673774,0.9841551028442083,17.12601561255377,25.1364550416547,10.930554543467172,23.93589343323967,22.183746347797854,27.195027195027194,12.4340779488059,39.3799538476974,24.144175217728723,25.25213642312726,17.026481965153568,7.185843887541543,27.143346212158264
Life course,housing,0.0,4.623208506703652,0.0,0.0,1.819505094614265,0.9594166746618056,0.0,1.6465422612513723,1.2234660794029486,0.0,0.8193139611098974,1.4602803738317756,1.5322148165172758,0.0,0.25760581158710943,0.0,0.0,0.4290188339268094,2.5660764690787787,0.0,0.0,0.35923411287135826,0.0,0.0,0.6997410957945561,0.0,0.0,10.584624069435135,3.310093717028363,0.0,0.0,4.051172707889126,0.9841551028442083,33.85375179225745,0.7181844297615628,1.0930554543467172,1.0406910188365075,14.879342062547344,0.9712509712509713,1.2862839257385414,28.34353366108157,0.8622919720617401,17.091385018092232,5.124475154560783,0.8982304859426928,9.781386022399372
Life course,education* / school(s),11.44950767117014,18.49283402681461,5.09268690160929,13.909964592817401,49.58151382823872,20.147750167897918,16.835016835016834,19.758507135016465,14.681592952835382,12.749681257968552,14.201441992571555,26.28504672897196,20.174161750810796,14.575134819997086,54.61243205646719,22.80501710376283,34.622731614135624,21.021922862413657,15.863018172486996,24.10675850193715,41.69562195969423,18.68017386931063,49.63898916967509,3.651500766815161,22.391715065425796,24.11124817763822,42.765502494654314,101.25957026426278,20.894966588741543,10.170353419781337,23.911106943597918,49.89339019189766,15.746481645507332,36.24342838935797,49.55472565354783,20.403701814472054,33.30211260276824,49.77816253652202,50.50505050505051,23.15311066329374,35.11588241195946,25.868759161852203,43.11340364924167,21.159123218831617,26.946914578280786,24.453465055998436
Life course,mental health / psychiatric,4.579803068468056,13.869625520110958,10.18537380321858,3.7936267071320184,9.55240174672489,2.8782500239854167,3.367003367003367,4.390779363336992,1.2234660794029486,2.833262501770789,4.642779112956085,8.761682242990654,3.0644296330345515,3.400864791332653,10.046626651897268,8.14464896562958,4.775549188156638,1.7160753357072376,3.965754543121749,6.026689625484288,7.9420232304179486,2.1554046772281494,9.927797833935019,2.1909004600890967,9.796375341123785,3.36436021083324,12.671259998416092,12.701548883322161,9.102757721827999,7.627765064836003,2.3442261709409724,5.11727078891258,25.588032673949414,26.684722000955873,16.518241884515945,6.922684544195876,12.488292226038089,23.536413808029437,9.712509712509712,8.146464863010761,21.069529447175682,47.42605846339571,12.62606821156363,15.042814163388105,26.946914578280786,10.148187998239349
Life course,co-occurring / comorbid*,0.0,0.0,0.0,5.058168942842691,0.45487627365356625,11.513000095941667,0.0,8.23271130625686,10.399461674925064,0.0,10.651081494428665,1.4602803738317756,5.362751857810465,0.9716756546664723,1.2880290579355471,6.5157191725036645,10.744985673352435,4.719207173194904,8.864627802272144,10.331467929401636,1.9855058076044871,4.310809354456299,1.8050541516245486,0.7303001533630321,0.0,8.4109005270831,3.167814999604023,4.939491232403062,11.585328009599271,0.8475294516484448,10.783440386328474,0.6396588486140725,6.889085719909457,18.32085391110403,16.518241884515945,10.930554543467172,4.16276407534603,7.845471269343144,2.913752913752914,9.003987480169789,6.019865556335909,25.868759161852203,4.773269689737471,18.67953846662479,20.65930117668194,13.938475081919108
Life course,safety / wandering / elopement,0.0,0.0,0.0,3.7936267071320184,2.2743813682678313,6.71591672263264,0.0,9.879253567508233,6.117330397014743,0.0,6.827616342582478,0.0,7.661074082586379,0.9716756546664723,2.8336639274582036,9.230602161046859,11.938872970391596,8.151357844609379,9.56446683929363,0.0,0.0,7.184682257427165,2.707581227436823,2.1909004600890967,0.6997410957945561,6.72872042166648,0.7919537499010058,2.469745616201531,6.206425719428181,0.0,5.15729757607014,1.9189765458422174,0.9841551028442083,8.762147522701929,1.4363688595231257,5.1009254536180135,0.0,8.65707174548209,0.9712509712509713,3.858851777215624,5.267382361793921,0.0,2.1556701824620834,7.1081429563262475,3.5929219437707713,29.83322736831809
Governance and money,budget*,0.0,18.49283402681461,0.0,88.51795649974709,4.093886462882096,40.295500335795836,0.0,55.98243688254665,40.3743806202973,1.4166312508853944,22.940790911077126,0.0,38.56073954901811,1.9433513093329446,1.0304232463484377,1.0859531954172776,0.0,44.18893989446136,34.758672172067094,0.0,0.0,39.15651830297806,0.0,0.0,0.6997410957945561,4.48581361444432,0.0,0.35282080231450447,3.723855431656909,0.0,2.813071405129167,2.1321961620469083,0.0,6.770750358451489,0.0,3.2791663630401517,0.0,0.0,0.0,4.287613085795138,0.0,0.0,1.5397644160443453,2.8101960525010745,0.0,5.746564288159632
Governance and money,appropriat*,0.0,0.0,0.0,1.2645422357106728,6.823144104803493,7.675333397294445,3.367003367003367,0.548847420417124,7.952529516119165,0.0,5.735197727769282,1.4602803738317756,1.5322148165172758,1.9433513093329446,9.27380921713594,3.2578595862518323,3.5816618911174785,0.4290188339268094,3.732474864114587,3.4438226431338785,0.9927529038022436,0.0,4.512635379061372,9.493901993719419,0.0,2.24290680722216,0.7919537499010058,9.173340860177117,8.068353435256636,0.0,1.4065357025645835,7.67590618336887,0.0,1.991397164250438,0.7181844297615628,2.1861109086934345,3.1220730565095223,7.304404285250515,3.885003885003885,1.7150452343180553,4.514899167251931,0.8622919720617401,7.082916313803988,8.430588157503223,2.6946914578280787,16.506088912798944
Governance and money,fund(s/ing/ed),6.869704602702084,300.5085529357374,11.203911183540436,284.5220030349014,41.848617176128094,3.8376666986472223,0.0,168.49615806805707,7.952529516119165,1.4166312508853944,9.831767533318768,1.4602803738317756,177.73691871600397,63.64475538065394,38.64087173806641,10.859531954172775,0.0,191.77141876528378,68.35094594909837,0.8609556607834696,0.9927529038022436,217.69587240004313,0.9025270758122743,0.7303001533630321,183.33216709817367,207.4688796680498,1.5839074998020115,29.98976819673288,19.86056230217018,0.0,254.5829621641896,31.34328358208955,0.0,47.39525250916043,7.90002872737719,259.7828463164031,1.0406910188365075,33.27561952169679,5.827505827505828,245.6802298160614,28.845189124109563,0.0,45.115097390099315,15.869342414123716,0.0,16.139286936958968
Governance and money,accountab*,0.0,0.0,0.0,0.0,0.45487627365356625,0.9594166746618056,0.0,0.0,0.6117330397014743,0.0,0.5462093074065982,0.0,0.5107382721724253,0.0,0.0,0.0,0.0,0.8580376678536188,0.23327967900716168,0.0,0.9927529038022436,0.35923411287135826,0.9025270758122743,0.0,2.099223287383668,0.56072670180554,0.7919537499010058,2.469745616201531,1.2412851438856363,0.8475294516484448,0.4688452341881945,1.492537313432836,0.9841551028442083,1.1948382985502628,0.7181844297615628,0.3643518181155724,1.0406910188365075,1.352667460231577,0.9712509712509713,0.42876130857951383,0.2508277315139962,0.8622919720617401,1.3857879744399106,0.49591695044136613,0.8982304859426928,19.440504719518756
Governance and money,dashboard(s),0.0,0.0,0.0,0.0,0.0,0.0,0.0,0.0,0.0,0.0,0.0,0.0,0.0,0.0,0.0,0.0,0.0,0.0,0.0,0.0,0.0,0.0,0.0,0.0,0.0,0.0,0.0,0.0,0.0,0.0,0.0,0.0,0.0,0.0,0.0,0.0,0.0,0.0,0.0,0.0,0.0,0.0,0.0,0.0,0.0,5.1352276617596715
Governance and money,statut* / mandate(s),0.0,0.0,0.0,0.0,0.45487627365356625,0.0,0.0,0.0,0.0,0.0,0.0,0.0,0.0,0.0,2.0608464926968755,2.7148829885431938,0.0,0.0,0.0,0.0,0.0,0.0,0.0,0.0,1.3994821915891122,0.0,12.671259998416092,3.8810288254595493,1.2412851438856363,11.865412323078226,0.0,1.7057569296375266,5.90493061706525,0.0,0.7181844297615628,0.0,1.0406910188365075,1.623200952277892,0.0,0.0,4.514899167251931,0.0,3.849411040110863,1.322445201176976,0.0,5.868831613439625
Governance and money,duplicat*,0.0,0.0,1.0185373803218578,0.0,0.0,2.8782500239854167,18.51851851851852,0.0,3.0586651985073714,0.0,3.2772558444395896,7.3014018691588785,0.0,0.9716756546664723,0.5152116231742189,1.0859531954172776,1.1938872970391594,0.0,0.0,0.0,0.0,1.0777023386140747,0.0,0.0,1.3994821915891122,1.68218010541662,0.0,0.35282080231450447,4.1376171462854545,0.0,0.0,0.42643923240938164,0.0,0.3982794328500876,0.0,0.0,0.0,0.5410669840926307,0.0,3.0013291600565966,0.0,0.0,0.9238586496266071,1.4877508513240982,0.0,4.646158360639703
Governance and money,portfolio,2.289901534234028,41.60887656033287,0.0,17.70359129994942,4.548762736535663,0.0,0.0,37.870472008781555,0.0,0.0,1.6386279222197948,0.0,26.3030210168799,6.31589175533207,4.63690460856797,1.0859531954172776,0.0,33.03445021236432,8.631348123264983,0.0,0.0,29.457197255451376,0.0,0.7303001533630321,39.88524246028969,36.4472356173601,0.0,3.1753872208305403,3.516974574342636,0.0,44.071452013690276,2.1321961620469083,0.0,10.753544686952367,0.0,39.349996356481824,0.0,1.623200952277892,0.0,38.15975646357673,0.2508277315139962,0.0,2.1556701824620834,1.322445201176976,0.0,8.314178119039468
Governance and money,metric(s) / milestone(s) / benchmark(s),0.0,0.0,1.0185373803218578,0.0,0.9097525473071325,1.9188333493236112,0.0,0.0,1.2234660794029486,0.0,0.5462093074065982,0.0,0.0,2.429189136666181,3.864087173806641,0.5429765977086388,0.0,0.0,0.23327967900716168,1.7219113215669393,0.9927529038022436,0.0,0.9025270758122743,0.0,0.0,0.0,0.7919537499010058,0.35282080231450447,1.448166001199909,0.8475294516484448,0.0,3.6247334754797444,0.0,1.1948382985502628,0.0,0.0,1.0406910188365075,2.9758684125094685,0.0,0.42876130857951383,0.5016554630279924,0.8622919720617401,2.001693740857649,0.8265282507356102,0.0,3.301217782559789
Governance and money,coordinat*,2.289901534234028,32.36245954692557,7.129761662253005,21.497218007081436,41.848617176128094,11.513000095941667,8.417508417508417,20.307354555433587,10.399461674925064,15.58294375973934,7.646930303692375,11.682242990654204,7.661074082586379,8.745080891998251,37.09523686854376,13.031438345007329,10.744985673352435,9.438414346389807,7.464949728229174,9.470512268618167,10.92028194182468,8.621618708912598,9.025270758122744,2.9212006134521284,9.096634245329229,11.775260737916339,7.919537499010057,37.399005045337475,11.999089724227819,8.475294516484448,9.845749917952084,21.535181236673772,8.857395925597874,14.338059582603154,7.181844297615628,9.473147271004882,13.528983244874597,19.478411427334706,12.626262626262628,12.4340779488059,11.538075649643826,14.65896352504958,20.01693740857649,10.414255959268687,14.371687775083085,24.331197730718443
Governance and money,partnership* / public-private,0.0,0.0,1.0185373803218578,0.0,2.2743813682678313,6.71591672263264,0.0,0.0,4.282131277910319,0.0,3.2772558444395896,0.0,1.7875839526034885,3.400864791332653,3.6064813622195317,1.6289297931259161,0.0,0.8580376678536188,4.19903422212891,0.0,0.9927529038022436,0.7184682257427165,0.0,0.0,9.096634245329229,0.56072670180554,0.0,4.233849627774053,2.2756894304569997,0.0,0.4688452341881945,4.690831556503198,0.0,7.567309224151664,0.0,0.3643518181155724,0.0,4.869602856833676,0.0,0.42876130857951383,9.531453797531855,0.0,6.774963430595119,2.8101960525010745,0.0,0.7336039516799531
Governance and money,the Secretary (cs),0.0,0.0,0.0,0.0,4.093886462882096,0.0,1.6835016835016836,0.548847420417124,0.6117330397014743,1.4166312508853944,0.2731046537032991,1.4602803738317756,0.7661074082586379,0.48583782733323616,6.182539478090626,1.6289297931259161,2.387774594078319,1.287056501780428,1.6329577530501318,3.4438226431338785,1.9855058076044871,0.35923411287135826,1.8050541516245486,0.0,0.0,0.56072670180554,1.5839074998020115,11.290265674064143,0.4137617146285454,0.8475294516484448,0.4688452341881945,4.264392324093817,0.9841551028442083,1.5931177314003504,0.7181844297615628,1.0930554543467172,3.1220730565095223,2.9758684125094685,2.913752913752914,4.716374394374651,2.7591050466539584,2.58687591618522,3.2335052736931247,1.1571395510298543,2.6946914578280787,3.790287083679757
Governance and money,Congress (cs),2.289901534234028,0.0,1.0185373803218578,0.0,6.368267831149927,2.8782500239854167,1.6835016835016836,1.097694840834248,1.8351991191044228,1.4166312508853944,0.8193139611098974,1.4602803738317756,0.5107382721724253,1.9433513093329446,9.789020840310156,2.7148829885431938,1.1938872970391594,0.8580376678536188,0.23327967900716168,0.8609556607834696,0.9927529038022436,0.7184682257427165,0.9025270758122743,21.17870444752793,0.6997410957945561,1.12145340361108,0.7919537499010058,4.233849627774053,0.2068808573142727,0.8475294516484448,0.937690468376389,7.249466950959489,0.9841551028442083,4.779353194201051,0.7181844297615628,1.0930554543467172,1.0406910188365075,3.5169353966020993,0.9712509712509713,1.7150452343180553,4.264071435737935,0.8622919720617401,6.928939872199554,0.9918339008827323,0.8982304859426928,2.689881156159828
Governance and money,federal,6.869704602702084,83.21775312066573,0.0,39.20080930703085,20.014556040756915,6.71591672263264,5.05050505050505,19.20965971459934,3.0586651985073714,5.666525003541578,4.915883766659384,4.380841121495327,21.961745703414284,7.773405237331779,17.77480099951055,6.5157191725036645,4.775549188156638,27.88622420524261,2.7993561480859404,3.4438226431338785,4.963764519011218,27.301792578223225,4.512635379061372,2.1909004600890967,18.89300958645301,36.4472356173601,3.167814999604023,41.28003387079703,8.688996007199453,5.932706161539113,31.881475924797225,20.46908315565032,6.889085719909457,31.862354628007008,6.463659867854065,35.7064781753261,7.284837131855553,28.67655015690943,6.7987567987567985,43.30489216653089,20.818701715661685,5.17375183237044,36.03048733543768,15.704036763976593,5.3893829156561575,71.15958331295545
Governance and money,agency acronyms HHS/NIH/CDC/FDA/CMS/... (cs),9.159606136936112,73.97133610725844,24.444897127724587,85.98887202832574,126.45560407569141,8.634750071956251,11.784511784511784,40.065861690450056,15.293325992536857,7.083156254426973,31.953244483285992,11.682242990654204,37.028524732500834,12.63178351066414,99.95105489579845,22.26204050605419,8.357211079274117,36.03758204985199,20.295332073623065,8.609556607834696,6.949270326615705,62.8659697524877,3.6101083032490973,6.57270138026729,51.780841088797146,84.66973197263654,4.751722499406035,47.6308083124581,8.068353435256636,2.5425883549453343,29.53724975385625,83.5820895522388,3.936620411376833,30.269236896606657,4.309106578569376,96.55323180062668,6.2441461130190445,81.43058110594092,6.7987567987567985,115.76555331646873,48.66057991371526,4.3114598603087,91.61598275463855,12.23261811088703,9.880535345369623,166.8948990071893
Governance and money,IACC (cs),2.289901534234028,46.23208506703652,7.129761662253005,132.77693474962064,40.48398835516739,51.8085004317375,20.2020202020202,82.3271130625686,52.60904141432679,16.999575010624735,34.68429102031899,13.14252336448598,39.83758522944917,33.03697225866006,24.472552100775392,29.863712873975132,14.326647564469914,81.51357844609379,29.15995987589521,12.053379250968575,11.913034845626925,76.15763192872795,11.732851985559567,0.0,23.091456161220346,52.70830996972076,9.50344499881207,9.173340860177117,19.86056230217018,11.017882871429782,51.5729757607014,33.04904051172708,12.794016336974707,70.4954596144655,10.772766446423441,49.91619908183342,14.569674263711105,11.091873173898927,12.626262626262628,50.59383441238263,1.7557941205979735,12.072087608864361,40.64978058357071,15.704036763976593,16.16814874696847,4.523891035359711
Voice and modality,'must' (cs),2.289901534234028,0.0,2.0370747606437156,6.322711178553364,2.2743813682678313,3.8376666986472223,0.0,0.548847420417124,12.84639383373096,2.833262501770789,7.373825649989075,1.4602803738317756,1.5322148165172758,0.9716756546664723,1.0304232463484377,13.57441494271597,3.5816618911174785,2.574113003560856,4.665593580143234,0.8609556607834696,0.9927529038022436,2.5146387900995077,0.9025270758122743,0.0,0.0,0.0,0.0,5.9979536393465755,5.999544862113909,0.0,0.0,0.8528784648187633,0.0,0.7965588657001752,0.7181844297615628,0.0,0.0,1.352667460231577,0.0,0.0,4.514899167251931,0.8622919720617401,1.5397644160443453,7.4387542566204905,0.0,5.257494987039663
Voice and modality,'shall' (cs),0.0,0.0,0.0,0.0,0.9097525473071325,0.0,0.0,0.0,0.0,0.0,0.0,0.0,0.0,0.0,0.7728174347613282,0.0,0.0,0.0,0.0,0.0,0.0,0.0,0.0,0.0,0.0,0.0,0.0,0.0,0.0,0.0,0.0,0.42643923240938164,0.0,0.0,0.0,0.0,0.0,0.5410669840926307,0.0,0.0,0.2508277315139962,0.0,0.7698822080221727,0.0,0.0,0.36680197583997654
Voice and modality,'should' (cs),6.869704602702084,18.49283402681461,5.09268690160929,8.85179564997471,0.45487627365356625,9.594166746618056,5.05050505050505,8.23271130625686,11.011194714626537,4.249893752656184,10.377976840725365,1.4602803738317756,10.470134579534717,3.8867026186658893,1.2880290579355471,13.031438345007329,7.163323782234957,6.006263674975331,12.363822987379569,1.7219113215669393,3.9710116152089743,5.0292775801990155,21.660649819494584,13.875702913897612,1.3994821915891122,0.0,2.3758612497030174,7.409236848604594,11.999089724227819,2.5425883549453343,0.0,1.279317697228145,2.952465308532625,3.982794328500876,0.0,0.0,4.16276407534603,1.0821339681852613,3.885003885003885,0.0,0.7524831945419886,6.036043804432181,0.9238586496266071,13.555063312064007,1.7964609718853857,105.27216706607325
Voice and modality,'will' (cs),13.739409205404169,18.49283402681461,9.16683642289672,8.85179564997471,21.83406113537118,44.13316703444306,10.1010101010101,9.879253567508233,29.363185905670765,16.999575010624735,22.121476949967228,5.841121495327102,9.448658035189867,5.830053927998834,16.486771941575004,22.80501710376283,14.326647564469914,4.290188339268093,24.261086616744816,5.165733964700818,6.949270326615705,6.10697991881309,1.8050541516245486,13.14540276053458,9.096634245329229,6.16799371986094,3.9597687495050287,7.056416046290089,31.652771169083724,5.932706161539113,7.970368981199306,14.285714285714286,8.857395925597874,16.32945674685359,0.7181844297615628,8.744443634773738,0.0,14.879342062547344,0.0,3.858851777215624,20.567873984147685,6.036043804432181,12.472091769959196,29.920322676629088,0.8982304859426928,2.3230791803198514
Voice and modality,'may' / 'might' (cs),34.348523013510416,0.0,32.59319617029945,6.322711178553364,12.281659388646288,31.660750263839585,42.08754208754209,18.111964873765093,33.033584143879615,28.33262501770789,30.860825868472798,29.205607476635514,24.770806200362625,20.40518874799592,9.789020840310156,28.234783080849216,37.01050620821394,22.30897936419409,29.15995987589521,33.577270770555316,30.775340017869553,18.32093975643927,31.5884476534296,13.14540276053458,7.697152053740116,12.33598743972188,40.38964124495129,26.814380975902342,31.859652026397995,27.968471904398676,17.81611889915139,12.366737739872068,23.619722468261,18.719133343954116,29.445561620224073,16.031479997085185,29.13934852742221,12.985607618223137,38.85003885003885,18.007974960339578,26.086084077455606,50.87522635164267,12.934021094772499,50.91414024531358,39.52214138147849,25.064801682398397
Voice and modality,'can' / 'could' (cs),50.377833753148614,55.47850208044383,31.57465878997759,29.084471421345473,14.55604075691412,64.28091720234097,37.03703703703704,26.344676180021956,54.44424053343121,38.24904377390565,46.70089578326415,24.824766355140184,19.918792614724584,23.320215711995335,10.561838275071485,27.14882988543194,39.39828080229226,18.018791024925996,29.39323955490237,30.13344812742144,17.869552268440387,15.087832740597047,31.5884476534296,15.336303220623677,4.898187670561892,12.896714141527418,22.96665874712917,10.937444871749637,36.20415002999773,27.120942452750235,12.189976088893056,10.660980810234541,20.667257159728372,20.312251075354467,18.672795173800633,11.659258179698316,16.65105630138412,12.985607618223137,24.281274281274282,11.57655533164687,40.38326477375339,24.144175217728723,14.165832627607976,39.67335603530929,57.48675110033234,24.453465055998436
Voice and modality,recommend*,0.0,4.623208506703652,3.0556121409655734,88.51795649974709,3.63901018922853,45.092583709104865,3.367003367003367,58.177826564215145,44.04477885850615,11.333050007083155,25.944942101813417,1.4602803738317756,41.62516918205266,0.0,5.924933666503516,2.7148829885431938,0.0,43.33090222660775,42.45690157930342,0.0,2.978258711406731,38.078815964363976,24.368231046931406,154.82363251296283,2.099223287383668,6.16799371986094,0.7919537499010058,6.3507744416610805,4.1376171462854545,1.6950589032968897,5.15729757607014,2.985074626865672,4.920775514221041,11.948382985502628,5.745475438092503,6.922684544195876,5.203455094182537,7.304404285250515,0.9712509712509713,92.18368134459547,2.7591050466539584,1.7245839441234803,10.316421587497112,17.357093265447812,0.8982304859426928,17.48422751503888
Voice and modality,'we' / 'our' / 'us' (cs),2.289901534234028,0.0,0.0,0.0,3.1841339155749635,32.62016693850139,0.0,1.097694840834248,25.69278766746192,0.0,9.831767533318768,0.0,1.2768456804310633,2.429189136666181,2.8336639274582036,3.2578595862518323,1.1938872970391594,0.8580376678536188,2.332796790071617,3.4438226431338785,0.9927529038022436,0.7184682257427165,3.6101083032490973,3.651500766815161,4.898187670561892,3.36436021083324,1.5839074998020115,0.0,11.999089724227819,0.0,3.281916639317361,2.7718550106609805,0.0,4.779353194201051,0.7181844297615628,1.821759090577862,0.0,1.0821339681852613,0.0,2.143806542897569,7.27400421390589,2.58687591618522,0.9238586496266071,4.959169504413661,1.7964609718853857,0.8558712769599451
Voice and modality,'the Committee' (cs),0.0,0.0,0.0,0.0,0.0,0.9594166746618056,0.0,3.841931942919868,0.6117330397014743,2.833262501770789,4.915883766659384,1.4602803738317756,4.596644449551827,2.915026963999417,0.25760581158710943,3.800836183960471,2.387774594078319,6.006263674975331,5.365432617164719,1.7219113215669393,1.9855058076044871,6.10697991881309,2.707581227436823,0.0,0.6997410957945561,7.28944712347202,1.5839074998020115,1.0584624069435133,3.310093717028363,2.5425883549453343,4.688452341881945,0.21321961620469082,2.952465308532625,5.575912059901227,2.154553289284688,5.465277271733586,5.203455094182537,1.0821339681852613,1.9425019425019425,4.287613085795138,0.7524831945419886,3.4491678882469605,3.541458156901994,3.6367243032366847,3.5929219437707713,4.401623710079718
Voice and modality,urgen* / crisis / epidemic / emergency,4.579803068468056,0.0,0.0,0.0,1.3646288209606987,6.71591672263264,0.0,2.195389681668496,4.893864317611794,1.4166312508853944,3.2772558444395896,0.0,0.7661074082586379,1.4575134819997084,0.5152116231742189,2.7148829885431938,0.0,0.8580376678536188,2.332796790071617,0.0,0.0,0.7184682257427165,0.0,0.0,0.0,0.0,0.0,0.35282080231450447,2.6894511450855454,0.0,0.0,1.7057569296375266,0.0,1.991397164250438,2.154553289284688,0.0,0.0,7.304404285250515,0.0,0.8575226171590277,3.2607605096819507,1.7245839441234803,5.6971283393640775,1.322445201176976,0.8982304859426928,19.562772044798745
Voice and modality,hope* / promis* / opportunit*,0.0,9.246417013407305,3.0556121409655734,7.587253414264037,12.281659388646288,23.98541686654514,0.0,4.939626783754116,17.128525111641277,1.4166312508853944,12.01660476294516,10.22196261682243,27.835235833397178,4.858378273332362,5.409722043329297,13.57441494271597,2.387774594078319,4.290188339268093,36.858189283131544,5.165733964700818,3.9710116152089743,4.310809354456299,5.415162454873646,4.381800920178193,6.997410957945561,3.9250869126387795,1.5839074998020115,16.935398511096214,15.929826013198998,1.6950589032968897,2.3442261709409724,8.955223880597014,6.889085719909457,13.541500716902979,7.181844297615628,4.007869999271296,4.16276407534603,9.468672221621038,1.9425019425019425,5.5738970115336794,12.039731112671818,0.8622919720617401,12.780044653168066,12.893840711475518,5.3893829156561575,4.157089059519734
