held_out_document,term,stem,direction,spearman_rho_refit,pool_mean_2018_on_per10k,held_out_rate_per10k,ratio_to_pool_mean,verdict
SP-2026-DRAFT,college,college,rising,0.748,3.45,0.54,0.16,reverses trend
SP-2026-DRAFT,veterans,veteran,rising,0.717,2.4,0.0,0.004,reverses trend
SP-2026-DRAFT,accessibility,accessibility,rising,0.715,2.17,1.81,0.835,reverses trend
SP-2026-DRAFT,suicide,suicide,rising,0.699,6.62,2.18,0.33,reverses trend
SP-2026-DRAFT,prefer,prefer,rising,0.695,1.81,0.0,0.006,reverses trend
SP-2026-DRAFT,equity,equity,rising,0.672,2.45,0.36,0.151,reverses trend
SP-2026-DRAFT,arts,arts,rising,0.658,2.39,0.0,0.004,reverses trend
SP-2026-DRAFT,care,care,rising,0.655,43.31,54.58,1.26,continues trend
SP-2026-DRAFT,ensuring,ensuring,rising,0.654,2.37,0.73,0.309,reverses trend
SP-2026-DRAFT,regulation,regulation,rising,0.633,2.91,5.26,1.802,continues trend
SP-2026-DRAFT,demographic,demographic,rising,0.63,3.46,0.18,0.055,reverses trend
SP-2026-DRAFT,leadership,leadership,rising,0.624,2.62,0.73,0.28,reverses trend
SP-2026-DRAFT,inpatient,inpatient,rising,0.623,2.06,0.91,0.442,reverses trend
SP-2026-DRAFT,justice,justice,rising,0.611,5.11,0.0,0.002,reverses trend
SP-2026-DRAFT,accountability,accountability,rising,0.61,1.43,17.23,11.981,continues trend
SP-2026-DRAFT,health,health,rising,0.61,111.06,46.96,0.423,reverses trend
SP-2026-DRAFT,living,living,rising,0.596,14.51,5.44,0.375,reverses trend
SP-2026-DRAFT,sex,sex,rising,0.596,5.43,1.63,0.302,reverses trend
SP-2026-DRAFT,improving,improving,rising,0.594,8.23,2.36,0.287,reverses trend
SP-2026-DRAFT,physical,physical,rising,0.593,10.85,2.72,0.251,reverses trend
SP-2026-DRAFT,outcomes,outcome,rising,0.593,35.64,52.95,1.486,continues trend
SP-2026-DRAFT,receipt,receipt,rising,0.591,1.17,0.18,0.162,reverses trend
SP-2026-DRAFT,accessible,accessible,rising,0.591,3.13,3.08,0.984,reverses trend
SP-2026-DRAFT,legislation,legislation,rising,0.588,0.98,0.0,0.01,reverses trend
SP-2026-DRAFT,access,access,rising,0.582,22.42,46.6,2.078,continues trend
SP-2026-DRAFT,racial,racial,rising,0.581,9.53,0.73,0.077,reverses trend
SP-2026-DRAFT,emotion,emotion,rising,0.58,2.81,0.18,0.068,reverses trend
SP-2026-DRAFT,spark,spark,rising,0.577,1.41,0.0,0.007,reverses trend
SP-2026-DRAFT,eligibility,eligibility,rising,0.568,2.74,2.72,0.993,reverses trend
SP-2026-DRAFT,eligible,eligible,rising,0.565,3.57,0.18,0.054,reverses trend
SP-2026-DRAFT,disparities,disparity,rising,0.565,19.83,1.27,0.064,reverses trend
SP-2026-DRAFT,ensure,ensure,rising,0.563,6.91,5.08,0.735,reverses trend
SP-2026-DRAFT,timely,timely,rising,0.561,1.87,6.17,3.284,continues trend
SP-2026-DRAFT,urban,urban,rising,0.56,2.11,0.54,0.261,reverses trend
SP-2026-DRAFT,accommodations,accommodation,rising,0.56,2.03,5.44,2.676,continues trend
SP-2026-DRAFT,receive,receive,rising,0.558,11.45,3.99,0.349,reverses trend
SP-2026-DRAFT,individuals,individual,rising,0.547,67.78,40.25,0.594,reverses trend
SP-2026-DRAFT,participation,participation,rising,0.546,4.51,21.58,4.773,continues trend
SP-2026-DRAFT,experience,experience,rising,0.546,11.51,3.99,0.347,reverses trend
SP-2026-DRAFT,foster,foster,rising,0.545,2.27,0.0,0.004,reverses trend
SP-2026-DRAFT,in-person,in-person,rising,0.544,1.14,0.0,0.009,reverses trend
SP-2026-DRAFT,conditions,condition,rising,0.539,25.8,38.26,1.483,continues trend
SP-2026-DRAFT,visits,visit,rising,0.539,3.11,0.91,0.294,reverses trend
SP-2026-DRAFT,enforcement,enforcement,rising,0.537,2.18,1.99,0.914,reverses trend
SP-2026-DRAFT,dysregulation,dysregulation,rising,0.536,2.55,5.26,2.059,continues trend
SP-2026-DRAFT,policy,policy,rising,0.536,13.89,9.43,0.679,reverses trend
SP-2026-DRAFT,employers,employer,rising,0.535,1.17,1.27,1.083,continues trend
SP-2026-DRAFT,adulthood,adulthood,rising,0.535,11.93,2.18,0.183,reverses trend
SP-2026-DRAFT,primary,primary,rising,0.532,8.99,11.97,1.331,continues trend
SP-2026-DRAFT,transportation,transportation,rising,0.531,3.9,5.98,1.533,continues trend
SP-2026-DRAFT,low-income,low-income,rising,0.53,2.68,0.0,0.004,reverses trend
SP-2026-DRAFT,consistent,consistent,rising,0.53,2.88,5.98,2.072,continues trend
SP-2026-DRAFT,outreach,outreach,rising,0.529,2.13,0.0,0.005,reverses trend
SP-2026-DRAFT,competitive,competitive,rising,0.528,2.68,1.99,0.745,reverses trend
SP-2026-DRAFT,seeking,seeking,rising,0.525,1.56,0.36,0.237,reverses trend
SP-2026-DRAFT,barriers,barrier,rising,0.524,7.85,10.34,1.317,continues trend
SP-2026-DRAFT,daily,daily,rising,0.521,4.59,3.26,0.712,reverses trend
SP-2026-DRAFT,employment,employment,rising,0.518,22.44,15.59,0.695,reverses trend
SP-2026-DRAFT,welfare,welfare,rising,0.517,0.8,0.0,0.012,reverses trend
SP-2026-DRAFT,caregivers,caregiver,rising,0.517,11.14,27.74,2.489,continues trend
SP-2026-DRAFT,emotional,emotional,rising,0.515,4.3,1.81,0.423,reverses trend
SP-2026-DRAFT,outpatient,outpatient,rising,0.507,1.56,0.36,0.238,reverses trend
SP-2026-DRAFT,strengthen,strengthen,rising,0.506,2.63,3.08,1.174,continues trend
SP-2026-DRAFT,support,support,rising,0.506,70.5,83.59,1.186,continues trend
SP-2026-DRAFT,school-based,school-based,rising,0.503,3.53,0.36,0.105,reverses trend
SP-2026-DRAFT,maximize,maximize,rising,0.502,3.37,0.18,0.057,reverses trend
SP-2026-DRAFT,coverage,coverage,rising,0.502,5.52,19.58,3.543,continues trend
SP-2026-DRAFT,meet,meet,rising,0.501,7.88,2.72,0.346,reverses trend
SP-2026-DRAFT,syndrome,syndrome,falling,-0.523,1.8,1.81,1.009,reverses trend
SP-2026-DRAFT,treatment,treatment,falling,-0.549,20.95,30.46,1.454,reverses trend
SP-2026-DRAFT,developing,developing,falling,-0.558,7.14,1.09,0.154,continues trend
SP-2026-DRAFT,prevented,prevented,falling,-0.559,1.87,0.0,0.005,continues trend
SP-2026-DRAFT,clues,clue,falling,-0.563,0.04,0.0,0.199,continues trend
SP-2026-DRAFT,abnormalities,abnormality,falling,-0.595,0.18,2.54,13.606,reverses trend
SP-2026-DRAFT,turn,turn,falling,-0.61,0.52,0.91,1.718,reverses trend
SP-2026-DRAFT,caused,caused,falling,-0.7,0.9,0.18,0.21,continues trend
SP-2026-DRAFT,concerned,concerned,falling,-0.705,0.44,0.36,0.834,continues trend
SP-2026-DRAFT,happen,happen,falling,-0.719,0.14,0.54,3.645,reverses trend
SP-2026-DRAFT,hold,hold,falling,-0.735,0.18,1.63,8.675,reverses trend
SP-2026-DRAFT,happening,happening,falling,-0.75,0.04,0.0,0.186,continues trend
SP-2009,college,college,rising,0.733,3.45,0.0,0.003,reverses trend
SP-2009,veterans,veteran,rising,0.719,2.4,0.0,0.004,reverses trend
SP-2009,accessibility,accessibility,rising,0.715,2.17,0.0,0.005,reverses trend
SP-2009,suicide,suicide,rising,0.693,6.62,0.0,0.002,reverses trend
SP-2009,prefer,prefer,rising,0.692,1.81,0.0,0.006,reverses trend
SP-2009,equity,equity,rising,0.673,2.45,0.0,0.004,reverses trend
SP-2009,care,care,rising,0.67,43.31,22.06,0.509,reverses trend
SP-2009,demographic,demographic,rising,0.669,3.46,1.7,0.492,reverses trend
SP-2009,accountability,accountability,rising,0.662,1.43,1.7,1.186,continues trend
SP-2009,justice,justice,rising,0.646,5.11,1.7,0.333,reverses trend
SP-2009,arts,arts,rising,0.646,2.39,0.0,0.004,reverses trend
SP-2009,ensuring,ensuring,rising,0.644,2.37,0.0,0.004,reverses trend
SP-2009,living,living,rising,0.64,14.51,13.58,0.936,reverses trend
SP-2009,foster,foster,rising,0.633,2.27,6.79,2.982,continues trend
SP-2009,inpatient,inpatient,rising,0.624,2.06,0.0,0.005,reverses trend
SP-2009,regulation,regulation,rising,0.622,2.91,0.0,0.003,reverses trend
SP-2009,outcomes,outcome,rising,0.609,35.64,25.45,0.714,reverses trend
SP-2009,timely,timely,rising,0.607,1.87,1.7,0.908,reverses trend
SP-2009,leadership,leadership,rising,0.606,2.62,0.0,0.004,reverses trend
SP-2009,health,health,rising,0.594,111.06,37.33,0.336,reverses trend
SP-2009,improving,improving,rising,0.591,8.23,3.39,0.413,reverses trend
SP-2009,policy,policy,rising,0.59,13.89,15.27,1.099,continues trend
SP-2009,receipt,receipt,rising,0.588,1.17,0.0,0.008,reverses trend
SP-2009,racial,racial,rising,0.586,9.53,1.7,0.179,reverses trend
SP-2009,access,access,rising,0.581,22.42,10.18,0.454,reverses trend
SP-2009,accessible,accessible,rising,0.58,3.13,0.0,0.003,reverses trend
SP-2009,legislation,legislation,rising,0.579,0.98,0.0,0.01,reverses trend
SP-2009,physical,physical,rising,0.578,10.85,0.0,0.001,reverses trend
SP-2009,sex,sex,rising,0.577,5.43,0.0,0.002,reverses trend
SP-2009,experience,experience,rising,0.576,11.51,8.48,0.738,reverses trend
SP-2009,spark,spark,rising,0.574,1.41,0.0,0.007,reverses trend
SP-2009,caregivers,caregiver,rising,0.571,11.14,8.48,0.762,reverses trend
SP-2009,emotion,emotion,rising,0.568,2.81,0.0,0.004,reverses trend
SP-2009,conditions,condition,rising,0.567,25.8,20.36,0.789,reverses trend
SP-2009,receive,receive,rising,0.565,11.45,5.09,0.445,reverses trend
SP-2009,eligibility,eligibility,rising,0.564,2.74,0.0,0.004,reverses trend
SP-2009,eligible,eligible,rising,0.558,3.57,0.0,0.003,reverses trend
SP-2009,adulthood,adulthood,rising,0.555,11.93,6.79,0.569,reverses trend
SP-2009,disparities,disparity,rising,0.552,19.83,1.7,0.086,reverses trend
SP-2009,accommodations,accommodation,rising,0.551,2.03,0.0,0.005,reverses trend
SP-2009,urban,urban,rising,0.55,2.11,0.0,0.005,reverses trend
SP-2009,daily,daily,rising,0.55,4.59,3.39,0.74,reverses trend
SP-2009,emotional,emotional,rising,0.543,4.3,1.7,0.396,reverses trend
SP-2009,in-person,in-person,rising,0.541,1.14,0.0,0.009,reverses trend
SP-2009,barriers,barrier,rising,0.539,7.85,5.09,0.649,reverses trend
SP-2009,ensure,ensure,rising,0.536,6.91,0.0,0.001,reverses trend
SP-2009,enforcement,enforcement,rising,0.534,2.18,0.0,0.005,reverses trend
SP-2009,employers,employer,rising,0.532,1.17,0.0,0.008,reverses trend
SP-2009,dysregulation,dysregulation,rising,0.532,2.55,0.0,0.004,reverses trend
SP-2009,primary,primary,rising,0.53,8.99,1.7,0.19,reverses trend
SP-2009,participation,participation,rising,0.528,4.51,0.0,0.002,reverses trend
SP-2009,transportation,transportation,rising,0.525,3.9,0.0,0.003,reverses trend
SP-2009,visits,visit,rising,0.524,3.11,0.0,0.003,reverses trend
SP-2009,low-income,low-income,rising,0.522,2.68,0.0,0.004,reverses trend
SP-2009,individuals,individual,rising,0.522,67.78,5.09,0.075,reverses trend
SP-2009,competitive,competitive,rising,0.52,2.68,0.0,0.004,reverses trend
SP-2009,employment,employment,rising,0.515,22.44,5.09,0.227,reverses trend
SP-2009,outreach,outreach,rising,0.514,2.13,0.0,0.005,reverses trend
SP-2009,consistent,consistent,rising,0.512,2.88,0.0,0.003,reverses trend
SP-2009,support,support,rising,0.512,70.5,47.51,0.674,reverses trend
SP-2009,seeking,seeking,rising,0.511,1.56,0.0,0.006,reverses trend
SP-2009,welfare,welfare,rising,0.505,0.8,0.0,0.012,reverses trend
SP-2009,outpatient,outpatient,rising,0.501,1.56,0.0,0.006,reverses trend
SP-2009,strengthen,strengthen,rising,0.497,2.63,0.0,0.004,reverses trend
SP-2009,meet,meet,rising,0.495,7.88,3.39,0.431,reverses trend
SP-2009,school-based,school-based,rising,0.495,3.53,0.0,0.003,reverses trend
SP-2009,maximize,maximize,rising,0.487,3.37,0.0,0.003,reverses trend
SP-2009,coverage,coverage,rising,0.484,5.52,0.0,0.002,reverses trend
SP-2009,syndrome,syndrome,falling,-0.518,1.8,5.09,2.822,reverses trend
SP-2009,treatment,treatment,falling,-0.538,20.95,54.3,2.591,reverses trend
SP-2009,clues,clue,falling,-0.541,0.04,1.7,33.957,reverses trend
SP-2009,developing,developing,falling,-0.545,7.14,15.27,2.137,reverses trend
SP-2009,prevented,prevented,falling,-0.546,1.87,11.88,6.327,reverses trend
SP-2009,abnormalities,abnormality,falling,-0.577,0.18,6.79,36.292,reverses trend
SP-2009,turn,turn,falling,-0.593,0.52,11.88,22.279,reverses trend
SP-2009,caused,caused,falling,-0.687,0.9,13.58,14.915,reverses trend
SP-2009,concerned,concerned,falling,-0.692,0.44,11.88,26.601,reverses trend
SP-2009,happen,happen,falling,-0.708,0.14,11.88,78.214,reverses trend
SP-2009,hold,hold,falling,-0.726,0.18,8.48,44.882,reverses trend
SP-2009,happening,happening,falling,-0.741,0.04,10.18,189.275,reverses trend
SP-2010,college,college,rising,0.734,3.45,0.0,0.003,reverses trend
SP-2010,veterans,veteran,rising,0.719,2.4,0.0,0.004,reverses trend
SP-2010,accessibility,accessibility,rising,0.716,2.17,0.0,0.005,reverses trend
SP-2010,suicide,suicide,rising,0.693,6.62,0.0,0.002,reverses trend
SP-2010,prefer,prefer,rising,0.692,1.81,0.0,0.006,reverses trend
SP-2010,equity,equity,rising,0.674,2.45,0.0,0.004,reverses trend
SP-2010,care,care,rising,0.651,43.31,10.75,0.248,reverses trend
SP-2010,arts,arts,rising,0.646,2.39,0.0,0.004,reverses trend
SP-2010,ensuring,ensuring,rising,0.644,2.37,0.0,0.004,reverses trend
SP-2010,justice,justice,rising,0.636,5.11,1.08,0.212,reverses trend
SP-2010,accountability,accountability,rising,0.627,1.43,1.08,0.754,reverses trend
SP-2010,inpatient,inpatient,rising,0.624,2.06,0.0,0.005,reverses trend
SP-2010,improving,improving,rising,0.624,8.23,7.53,0.915,reverses trend
SP-2010,demographic,demographic,rising,0.623,3.46,0.0,0.003,reverses trend
SP-2010,regulation,regulation,rising,0.622,2.91,0.0,0.003,reverses trend
SP-2010,sex,sex,rising,0.621,5.43,2.15,0.397,reverses trend
SP-2010,timely,timely,rising,0.61,1.87,2.15,1.149,continues trend
SP-2010,leadership,leadership,rising,0.609,2.62,0.0,0.004,reverses trend
SP-2010,outcomes,outcome,rising,0.604,35.64,24.73,0.694,reverses trend
SP-2010,access,access,rising,0.6,22.42,16.13,0.719,reverses trend
SP-2010,health,health,rising,0.599,111.06,34.4,0.31,reverses trend
SP-2010,living,living,rising,0.596,14.51,6.45,0.445,reverses trend
SP-2010,foster,foster,rising,0.596,2.27,3.23,1.419,continues trend
SP-2010,receipt,receipt,rising,0.588,1.17,0.0,0.008,reverses trend
SP-2010,physical,physical,rising,0.587,10.85,1.08,0.1,reverses trend
SP-2010,racial,racial,rising,0.584,9.53,1.08,0.114,reverses trend
SP-2010,accessible,accessible,rising,0.583,3.13,0.0,0.003,reverses trend
SP-2010,legislation,legislation,rising,0.581,0.98,0.0,0.01,reverses trend
SP-2010,spark,spark,rising,0.574,1.41,0.0,0.007,reverses trend
SP-2010,receive,receive,rising,0.574,11.45,6.45,0.564,reverses trend
SP-2010,policy,policy,rising,0.573,13.89,11.83,0.851,reverses trend
SP-2010,ensure,ensure,rising,0.573,6.91,4.3,0.623,reverses trend
SP-2010,emotion,emotion,rising,0.569,2.81,0.0,0.004,reverses trend
SP-2010,eligibility,eligibility,rising,0.566,2.74,0.0,0.004,reverses trend
SP-2010,experience,experience,rising,0.565,11.51,4.3,0.374,reverses trend
SP-2010,conditions,condition,rising,0.561,25.8,20.43,0.792,reverses trend
SP-2010,disparities,disparity,rising,0.561,19.83,2.15,0.109,reverses trend
SP-2010,adulthood,adulthood,rising,0.559,11.93,8.6,0.721,reverses trend
SP-2010,eligible,eligible,rising,0.559,3.57,0.0,0.003,reverses trend
SP-2010,accommodations,accommodation,rising,0.552,2.03,0.0,0.005,reverses trend
SP-2010,caregivers,caregiver,rising,0.552,11.14,6.45,0.58,reverses trend
SP-2010,urban,urban,rising,0.551,2.11,0.0,0.005,reverses trend
SP-2010,in-person,in-person,rising,0.541,1.14,0.0,0.009,reverses trend
SP-2010,participation,participation,rising,0.54,4.51,1.08,0.24,reverses trend
SP-2010,emotional,emotional,rising,0.54,4.3,2.15,0.502,reverses trend
SP-2010,support,support,rising,0.54,70.5,68.81,0.976,reverses trend
SP-2010,barriers,barrier,rising,0.539,7.85,5.38,0.685,reverses trend
SP-2010,enforcement,enforcement,rising,0.534,2.18,0.0,0.005,reverses trend
SP-2010,employers,employer,rising,0.534,1.17,0.0,0.008,reverses trend
SP-2010,dysregulation,dysregulation,rising,0.532,2.55,0.0,0.004,reverses trend
SP-2010,individuals,individual,rising,0.531,67.78,18.28,0.27,reverses trend
SP-2010,visits,visit,rising,0.525,3.11,0.0,0.003,reverses trend
SP-2010,transportation,transportation,rising,0.525,3.9,0.0,0.003,reverses trend
SP-2010,low-income,low-income,rising,0.524,2.68,0.0,0.004,reverses trend
SP-2010,competitive,competitive,rising,0.521,2.68,0.0,0.004,reverses trend
SP-2010,meet,meet,rising,0.518,7.88,5.38,0.682,reverses trend
SP-2010,outreach,outreach,rising,0.515,2.13,0.0,0.005,reverses trend
SP-2010,primary,primary,rising,0.515,8.99,0.0,0.001,reverses trend
SP-2010,seeking,seeking,rising,0.514,1.56,0.0,0.006,reverses trend
SP-2010,consistent,consistent,rising,0.514,2.88,0.0,0.003,reverses trend
SP-2010,employment,employment,rising,0.51,22.44,4.3,0.192,reverses trend
SP-2010,maximize,maximize,rising,0.508,3.37,1.08,0.321,reverses trend
SP-2010,welfare,welfare,rising,0.505,0.8,0.0,0.012,reverses trend
SP-2010,outpatient,outpatient,rising,0.503,1.56,0.0,0.006,reverses trend
SP-2010,daily,daily,rising,0.502,4.59,0.0,0.002,reverses trend
SP-2010,strengthen,strengthen,rising,0.498,2.63,0.0,0.004,reverses trend
SP-2010,school-based,school-based,rising,0.497,3.53,0.0,0.003,reverses trend
SP-2010,coverage,coverage,rising,0.487,5.52,0.0,0.002,reverses trend
SP-2010,syndrome,syndrome,falling,-0.512,1.8,7.53,4.17,reverses trend
SP-2010,clues,clue,falling,-0.545,0.04,2.15,42.976,reverses trend
SP-2010,developing,developing,falling,-0.546,7.14,15.05,2.106,reverses trend
SP-2010,treatment,treatment,falling,-0.546,20.95,45.16,2.154,reverses trend
SP-2010,prevented,prevented,falling,-0.555,1.87,9.68,5.155,reverses trend
SP-2010,abnormalities,abnormality,falling,-0.584,0.18,4.3,23.014,reverses trend
SP-2010,turn,turn,falling,-0.6,0.52,9.68,18.152,reverses trend
SP-2010,caused,caused,falling,-0.695,0.9,9.68,10.635,reverses trend
SP-2010,concerned,concerned,falling,-0.702,0.44,7.53,16.862,reverses trend
SP-2010,happen,happen,falling,-0.713,0.14,9.68,63.726,reverses trend
SP-2010,hold,hold,falling,-0.734,0.18,6.45,34.137,reverses trend
SP-2010,happening,happening,falling,-0.746,0.04,8.6,159.926,reverses trend
SP-2011,college,college,rising,0.734,3.45,0.0,0.003,reverses trend
SP-2011,veterans,veteran,rising,0.719,2.4,0.0,0.004,reverses trend
SP-2011,accessibility,accessibility,rising,0.716,2.17,0.0,0.005,reverses trend
SP-2011,equity,equity,rising,0.716,2.45,0.49,0.203,reverses trend
SP-2011,suicide,suicide,rising,0.693,6.62,0.0,0.002,reverses trend
SP-2011,prefer,prefer,rising,0.692,1.81,0.0,0.006,reverses trend
SP-2011,care,care,rising,0.661,43.31,21.98,0.508,reverses trend
SP-2011,ensuring,ensuring,rising,0.654,2.37,0.49,0.21,reverses trend
SP-2011,arts,arts,rising,0.646,2.39,0.0,0.004,reverses trend
SP-2011,justice,justice,rising,0.633,5.11,0.98,0.193,reverses trend
SP-2011,inpatient,inpatient,rising,0.624,2.06,0.0,0.005,reverses trend
SP-2011,demographic,demographic,rising,0.623,3.46,0.0,0.003,reverses trend
SP-2011,regulation,regulation,rising,0.622,2.91,0.0,0.003,reverses trend
SP-2011,improving,improving,rising,0.61,8.23,6.84,0.832,reverses trend
SP-2011,leadership,leadership,rising,0.609,2.62,0.0,0.004,reverses trend
SP-2011,access,access,rising,0.607,22.42,19.05,0.85,reverses trend
SP-2011,health,health,rising,0.607,111.06,54.72,0.493,reverses trend
SP-2011,accountability,accountability,rising,0.604,1.43,0.49,0.347,reverses trend
SP-2011,sex,sex,rising,0.602,5.43,1.47,0.271,reverses trend
SP-2011,accessible,accessible,rising,0.597,3.13,0.98,0.314,reverses trend
SP-2011,timely,timely,rising,0.59,1.87,1.47,0.785,reverses trend
SP-2011,physical,physical,rising,0.589,10.85,2.93,0.271,reverses trend
SP-2011,outcomes,outcome,rising,0.589,35.64,16.61,0.466,reverses trend
SP-2011,living,living,rising,0.589,14.51,4.89,0.337,reverses trend
SP-2011,receipt,receipt,rising,0.588,1.17,0.0,0.008,reverses trend
SP-2011,conditions,condition,rising,0.585,25.8,33.22,1.287,continues trend
SP-2011,racial,racial,rising,0.584,9.53,1.47,0.155,reverses trend
SP-2011,legislation,legislation,rising,0.581,0.98,0.0,0.01,reverses trend
SP-2011,eligible,eligible,rising,0.58,3.57,0.49,0.139,reverses trend
SP-2011,spark,spark,rising,0.574,1.41,0.0,0.007,reverses trend
SP-2011,emotion,emotion,rising,0.573,2.81,0.0,0.004,reverses trend
SP-2011,disparities,disparity,rising,0.573,19.83,6.35,0.321,reverses trend
SP-2011,accommodations,accommodation,rising,0.571,2.03,0.49,0.245,reverses trend
SP-2011,experience,experience,rising,0.566,11.51,7.33,0.637,reverses trend
SP-2011,eligibility,eligibility,rising,0.566,2.74,0.0,0.004,reverses trend
SP-2011,foster,foster,rising,0.564,2.27,1.47,0.647,reverses trend
SP-2011,receive,receive,rising,0.559,11.45,3.91,0.342,reverses trend
SP-2011,individuals,individual,rising,0.559,67.78,32.73,0.483,reverses trend
SP-2011,ensure,ensure,rising,0.551,6.91,2.93,0.425,reverses trend
SP-2011,urban,urban,rising,0.551,2.11,0.0,0.005,reverses trend
SP-2011,transportation,transportation,rising,0.549,3.9,0.49,0.127,reverses trend
SP-2011,caregivers,caregiver,rising,0.548,11.14,6.84,0.614,reverses trend
SP-2011,policy,policy,rising,0.543,13.89,7.33,0.528,reverses trend
SP-2011,in-person,in-person,rising,0.541,1.14,0.0,0.009,reverses trend
SP-2011,adulthood,adulthood,rising,0.54,11.93,4.4,0.369,reverses trend
SP-2011,participation,participation,rising,0.54,4.51,0.98,0.218,reverses trend
SP-2011,emotional,emotional,rising,0.537,4.3,1.95,0.456,reverses trend
SP-2011,barriers,barrier,rising,0.536,7.85,5.86,0.747,reverses trend
SP-2011,enforcement,enforcement,rising,0.534,2.18,0.0,0.005,reverses trend
SP-2011,employers,employer,rising,0.534,1.17,0.0,0.008,reverses trend
SP-2011,dysregulation,dysregulation,rising,0.532,2.55,0.0,0.004,reverses trend
SP-2011,visits,visit,rising,0.529,3.11,0.0,0.003,reverses trend
SP-2011,daily,daily,rising,0.529,4.59,2.44,0.533,reverses trend
SP-2011,low-income,low-income,rising,0.526,2.68,0.0,0.004,reverses trend
SP-2011,primary,primary,rising,0.525,8.99,1.95,0.218,reverses trend
SP-2011,strengthen,strengthen,rising,0.523,2.63,0.49,0.189,reverses trend
SP-2011,competitive,competitive,rising,0.521,2.68,0.0,0.004,reverses trend
SP-2011,support,support,rising,0.518,70.5,49.83,0.707,reverses trend
SP-2011,outreach,outreach,rising,0.517,2.13,0.0,0.005,reverses trend
SP-2011,consistent,consistent,rising,0.517,2.88,0.49,0.172,reverses trend
SP-2011,seeking,seeking,rising,0.515,1.56,0.0,0.006,reverses trend
SP-2011,employment,employment,rising,0.515,22.44,6.35,0.283,reverses trend
SP-2011,meet,meet,rising,0.511,7.88,4.4,0.558,reverses trend
SP-2011,coverage,coverage,rising,0.505,5.52,1.47,0.267,reverses trend
SP-2011,welfare,welfare,rising,0.505,0.8,0.0,0.012,reverses trend
SP-2011,maximize,maximize,rising,0.505,3.37,1.47,0.437,reverses trend
SP-2011,outpatient,outpatient,rising,0.503,1.56,0.0,0.006,reverses trend
SP-2011,school-based,school-based,rising,0.499,3.53,0.0,0.003,reverses trend
SP-2011,syndrome,syndrome,falling,-0.513,1.8,5.86,3.249,reverses trend
SP-2011,clues,clue,falling,-0.546,0.04,2.44,48.793,reverses trend
SP-2011,treatment,treatment,falling,-0.548,20.95,45.43,2.168,reverses trend
SP-2011,developing,developing,falling,-0.558,7.14,12.21,1.71,reverses trend
SP-2011,prevented,prevented,falling,-0.559,1.87,7.82,4.165,reverses trend
SP-2011,abnormalities,abnormality,falling,-0.584,0.18,5.37,28.744,reverses trend
SP-2011,turn,turn,falling,-0.603,0.52,6.84,12.836,reverses trend
SP-2011,caused,caused,falling,-0.698,0.9,8.31,9.129,reverses trend
SP-2011,concerned,concerned,falling,-0.706,0.44,6.35,14.233,reverses trend
SP-2011,happen,happen,falling,-0.718,0.14,7.33,48.277,reverses trend
SP-2011,hold,hold,falling,-0.734,0.18,4.89,25.865,reverses trend
SP-2011,happening,happening,falling,-0.752,0.04,6.35,118.136,reverses trend
SP-2012,college,college,rising,0.753,3.45,1.92,0.556,reverses trend
SP-2012,prefer,prefer,rising,0.738,1.81,1.92,1.06,continues trend
SP-2012,veterans,veteran,rising,0.72,2.4,0.0,0.004,reverses trend
SP-2012,accessibility,accessibility,rising,0.718,2.17,0.0,0.005,reverses trend
SP-2012,suicide,suicide,rising,0.696,6.62,0.0,0.002,reverses trend
SP-2012,equity,equity,rising,0.676,2.45,0.0,0.004,reverses trend
SP-2012,care,care,rising,0.656,43.31,14.37,0.332,reverses trend
SP-2012,ensuring,ensuring,rising,0.649,2.37,0.0,0.004,reverses trend
SP-2012,arts,arts,rising,0.647,2.39,0.0,0.004,reverses trend
SP-2012,legislation,legislation,rising,0.644,0.98,2.87,2.9,continues trend
SP-2012,justice,justice,rising,0.639,5.11,3.83,0.75,reverses trend
SP-2012,regulation,regulation,rising,0.633,2.91,0.96,0.331,reverses trend
SP-2012,demographic,demographic,rising,0.626,3.46,0.0,0.003,reverses trend
SP-2012,inpatient,inpatient,rising,0.624,2.06,0.0,0.005,reverses trend
SP-2012,leadership,leadership,rising,0.613,2.62,0.0,0.004,reverses trend
SP-2012,health,health,rising,0.61,111.06,59.38,0.535,reverses trend
SP-2012,accountability,accountability,rising,0.599,1.43,0.0,0.007,reverses trend
SP-2012,living,living,rising,0.596,14.51,7.66,0.528,reverses trend
SP-2012,sex,sex,rising,0.595,5.43,0.96,0.178,reverses trend
SP-2012,physical,physical,rising,0.592,10.85,4.79,0.442,reverses trend
SP-2012,improving,improving,rising,0.59,8.23,3.83,0.466,reverses trend
SP-2012,outcomes,outcome,rising,0.59,35.64,16.28,0.457,reverses trend
SP-2012,receipt,receipt,rising,0.589,1.17,0.0,0.008,reverses trend
SP-2012,accessible,accessible,rising,0.589,3.13,0.0,0.003,reverses trend
SP-2012,access,access,rising,0.584,22.42,7.66,0.342,reverses trend
SP-2012,racial,racial,rising,0.583,9.53,0.96,0.101,reverses trend
SP-2012,disparities,disparity,rising,0.579,19.83,7.66,0.387,reverses trend
SP-2012,emotion,emotion,rising,0.576,2.81,0.0,0.004,reverses trend
SP-2012,spark,spark,rising,0.574,1.41,0.0,0.007,reverses trend
SP-2012,ensure,ensure,rising,0.573,6.91,4.79,0.693,reverses trend
SP-2012,participation,participation,rising,0.572,4.51,5.75,1.273,continues trend
SP-2012,eligibility,eligibility,rising,0.565,2.74,0.0,0.004,reverses trend
SP-2012,urban,urban,rising,0.565,2.11,0.96,0.456,reverses trend
SP-2012,eligible,eligible,rising,0.563,3.57,0.0,0.003,reverses trend
SP-2012,experience,experience,rising,0.563,11.51,3.83,0.334,reverses trend
SP-2012,timely,timely,rising,0.561,1.87,0.0,0.005,reverses trend
SP-2012,individuals,individual,rising,0.559,67.78,48.85,0.721,reverses trend
SP-2012,receive,receive,rising,0.556,11.45,2.87,0.252,reverses trend
SP-2012,accommodations,accommodation,rising,0.555,2.03,0.0,0.005,reverses trend
SP-2012,conditions,condition,rising,0.546,25.8,14.37,0.557,reverses trend
SP-2012,outreach,outreach,rising,0.546,2.13,1.92,0.898,reverses trend
SP-2012,policy,policy,rising,0.544,13.89,7.66,0.552,reverses trend
SP-2012,foster,foster,rising,0.543,2.27,0.0,0.004,reverses trend
SP-2012,in-person,in-person,rising,0.542,1.14,0.0,0.009,reverses trend
SP-2012,coverage,coverage,rising,0.538,5.52,8.62,1.561,continues trend
SP-2012,enforcement,enforcement,rising,0.536,2.18,0.0,0.005,reverses trend
SP-2012,employers,employer,rising,0.534,1.17,0.0,0.008,reverses trend
SP-2012,visits,visit,rising,0.532,3.11,0.0,0.003,reverses trend
SP-2012,dysregulation,dysregulation,rising,0.531,2.55,0.0,0.004,reverses trend
SP-2012,emotional,emotional,rising,0.531,4.3,1.92,0.447,reverses trend
SP-2012,transportation,transportation,rising,0.531,3.9,0.0,0.003,reverses trend
SP-2012,adulthood,adulthood,rising,0.531,11.93,2.87,0.242,reverses trend
SP-2012,low-income,low-income,rising,0.529,2.68,0.0,0.004,reverses trend
SP-2012,caregivers,caregiver,rising,0.529,11.14,3.83,0.345,reverses trend
SP-2012,consistent,consistent,rising,0.527,2.88,0.96,0.335,reverses trend
SP-2012,daily,daily,rising,0.525,4.59,1.92,0.419,reverses trend
SP-2012,competitive,competitive,rising,0.524,2.68,0.0,0.004,reverses trend
SP-2012,barriers,barrier,rising,0.523,7.85,0.96,0.123,reverses trend
SP-2012,primary,primary,rising,0.522,8.99,0.0,0.001,reverses trend
SP-2012,seeking,seeking,rising,0.519,1.56,0.0,0.006,reverses trend
SP-2012,employment,employment,rising,0.512,22.44,4.79,0.214,reverses trend
SP-2012,welfare,welfare,rising,0.508,0.8,0.0,0.012,reverses trend
SP-2012,outpatient,outpatient,rising,0.505,1.56,0.0,0.006,reverses trend
SP-2012,strengthen,strengthen,rising,0.504,2.63,0.0,0.004,reverses trend
SP-2012,maximize,maximize,rising,0.503,3.37,0.96,0.287,reverses trend
SP-2012,school-based,school-based,rising,0.502,3.53,0.0,0.003,reverses trend
SP-2012,support,support,rising,0.502,70.5,22.03,0.313,reverses trend
SP-2012,meet,meet,rising,0.498,7.88,2.87,0.365,reverses trend
SP-2012,syndrome,syndrome,falling,-0.513,1.8,7.66,4.245,reverses trend
SP-2012,treatment,treatment,falling,-0.552,20.95,54.59,2.605,reverses trend
SP-2012,developing,developing,falling,-0.554,7.14,12.45,1.743,reverses trend
SP-2012,prevented,prevented,falling,-0.562,1.87,7.66,4.083,reverses trend
SP-2012,clues,clue,falling,-0.576,0.04,0.0,0.199,continues trend
SP-2012,abnormalities,abnormality,falling,-0.588,0.18,6.7,35.847,reverses trend
SP-2012,turn,turn,falling,-0.605,0.52,7.66,14.378,reverses trend
SP-2012,caused,caused,falling,-0.698,0.9,10.54,11.578,reverses trend
SP-2012,concerned,concerned,falling,-0.708,0.44,6.7,15.024,reverses trend
SP-2012,happen,happen,falling,-0.72,0.14,9.58,63.077,reverses trend
SP-2012,hold,hold,falling,-0.735,0.18,4.79,25.355,reverses trend
SP-2012,happening,happening,falling,-0.755,0.04,7.66,142.484,reverses trend
SP-2013,college,college,rising,0.747,3.45,1.28,0.371,reverses trend
SP-2013,veterans,veteran,rising,0.722,2.4,0.0,0.004,reverses trend
SP-2013,accessibility,accessibility,rising,0.721,2.17,0.0,0.005,reverses trend
SP-2013,prefer,prefer,rising,0.702,1.81,0.43,0.24,reverses trend
SP-2013,suicide,suicide,rising,0.699,6.62,0.0,0.002,reverses trend
SP-2013,equity,equity,rising,0.677,2.45,0.0,0.004,reverses trend
SP-2013,ensuring,ensuring,rising,0.656,2.37,0.85,0.362,reverses trend
SP-2013,care,care,rising,0.654,43.31,12.34,0.285,reverses trend
SP-2013,arts,arts,rising,0.651,2.39,0.43,0.181,reverses trend
SP-2013,regulation,regulation,rising,0.631,2.91,1.28,0.44,reverses trend
SP-2013,demographic,demographic,rising,0.631,3.46,0.0,0.003,reverses trend
SP-2013,inpatient,inpatient,rising,0.624,2.06,0.0,0.005,reverses trend
SP-2013,justice,justice,rising,0.622,5.11,0.85,0.168,reverses trend
SP-2013,leadership,leadership,rising,0.619,2.62,0.0,0.004,reverses trend
SP-2013,health,health,rising,0.609,111.06,55.32,0.498,reverses trend
SP-2013,receipt,receipt,rising,0.604,1.17,0.43,0.369,reverses trend
SP-2013,improving,improving,rising,0.601,8.23,7.66,0.931,reverses trend
SP-2013,accessible,accessible,rising,0.6,3.13,2.13,0.68,reverses trend
SP-2013,accountability,accountability,rising,0.599,1.43,0.43,0.303,reverses trend
SP-2013,living,living,rising,0.598,14.51,5.11,0.352,reverses trend
SP-2013,physical,physical,rising,0.596,10.85,1.7,0.158,reverses trend
SP-2013,outcomes,outcome,rising,0.596,35.64,30.64,0.86,reverses trend
SP-2013,access,access,rising,0.596,22.42,19.58,0.873,reverses trend
SP-2013,sex,sex,rising,0.595,5.43,1.28,0.237,reverses trend
SP-2013,legislation,legislation,rising,0.591,0.98,0.0,0.01,reverses trend
SP-2013,emotion,emotion,rising,0.583,2.81,0.43,0.154,reverses trend
SP-2013,racial,racial,rising,0.582,9.53,0.85,0.09,reverses trend
SP-2013,eligibility,eligibility,rising,0.578,2.74,0.43,0.158,reverses trend
SP-2013,spark,spark,rising,0.574,1.41,0.0,0.007,reverses trend
SP-2013,ensure,ensure,rising,0.571,6.91,5.11,0.739,reverses trend
SP-2013,disparities,disparity,rising,0.571,19.83,7.23,0.365,reverses trend
SP-2013,timely,timely,rising,0.568,1.87,0.43,0.232,reverses trend
SP-2013,eligible,eligible,rising,0.567,3.57,0.0,0.003,reverses trend
SP-2013,urban,urban,rising,0.563,2.11,0.85,0.406,reverses trend
SP-2013,accommodations,accommodation,rising,0.56,2.03,0.43,0.214,reverses trend
SP-2013,individuals,individual,rising,0.559,67.78,26.38,0.389,reverses trend
SP-2013,receive,receive,rising,0.559,11.45,2.13,0.187,reverses trend
SP-2013,conditions,condition,rising,0.556,25.8,27.66,1.072,continues trend
SP-2013,experience,experience,rising,0.554,11.51,4.68,0.407,reverses trend
SP-2013,participation,participation,rising,0.551,4.51,2.13,0.473,reverses trend
SP-2013,foster,foster,rising,0.545,2.27,0.43,0.191,reverses trend
SP-2013,in-person,in-person,rising,0.544,1.14,0.0,0.009,reverses trend
SP-2013,outreach,outreach,rising,0.541,2.13,2.13,0.997,reverses trend
SP-2013,policy,policy,rising,0.54,13.89,8.51,0.613,reverses trend
SP-2013,adulthood,adulthood,rising,0.539,11.93,8.09,0.678,reverses trend
SP-2013,enforcement,enforcement,rising,0.537,2.18,0.0,0.005,reverses trend
SP-2013,transportation,transportation,rising,0.535,3.9,0.0,0.003,reverses trend
SP-2013,visits,visit,rising,0.535,3.11,0.0,0.003,reverses trend
SP-2013,employers,employer,rising,0.534,1.17,0.0,0.008,reverses trend
SP-2013,seeking,seeking,rising,0.533,1.56,1.28,0.818,reverses trend
SP-2013,low-income,low-income,rising,0.532,2.68,0.0,0.004,reverses trend
SP-2013,dysregulation,dysregulation,rising,0.532,2.55,0.0,0.004,reverses trend
SP-2013,barriers,barrier,rising,0.53,7.85,6.81,0.868,reverses trend
SP-2013,competitive,competitive,rising,0.529,2.68,0.0,0.004,reverses trend
SP-2013,primary,primary,rising,0.528,8.99,2.98,0.332,reverses trend
SP-2013,consistent,consistent,rising,0.528,2.88,1.28,0.445,reverses trend
SP-2013,emotional,emotional,rising,0.522,4.3,0.0,0.002,reverses trend
SP-2013,employment,employment,rising,0.515,22.44,5.96,0.266,reverses trend
SP-2013,welfare,welfare,rising,0.514,0.8,0.0,0.012,reverses trend
SP-2013,caregivers,caregiver,rising,0.514,11.14,0.85,0.077,reverses trend
SP-2013,daily,daily,rising,0.513,4.59,0.85,0.187,reverses trend
SP-2013,support,support,rising,0.513,70.5,46.81,0.664,reverses trend
SP-2013,coverage,coverage,rising,0.512,5.52,1.7,0.31,reverses trend
SP-2013,strengthen,strengthen,rising,0.511,2.63,0.85,0.327,reverses trend
SP-2013,outpatient,outpatient,rising,0.507,1.56,0.0,0.006,reverses trend
SP-2013,meet,meet,rising,0.504,7.88,3.83,0.486,reverses trend
SP-2013,school-based,school-based,rising,0.503,3.53,0.0,0.003,reverses trend
SP-2013,maximize,maximize,rising,0.5,3.37,1.7,0.507,reverses trend
SP-2013,syndrome,syndrome,falling,-0.515,1.8,6.81,3.773,reverses trend
SP-2013,treatment,treatment,falling,-0.552,20.95,44.68,2.132,reverses trend
SP-2013,clues,clue,falling,-0.554,0.04,0.43,8.665,reverses trend
SP-2013,developing,developing,falling,-0.557,7.14,12.77,1.787,reverses trend
SP-2013,prevented,prevented,falling,-0.561,1.87,3.83,2.044,reverses trend
SP-2013,abnormalities,abnormality,falling,-0.593,0.18,1.28,6.869,reverses trend
SP-2013,turn,turn,falling,-0.603,0.52,2.98,5.601,reverses trend
SP-2013,caused,caused,falling,-0.698,0.9,7.66,8.421,reverses trend
SP-2013,concerned,concerned,falling,-0.705,0.44,3.4,7.64,reverses trend
SP-2013,happen,happen,falling,-0.718,0.14,4.26,28.063,reverses trend
SP-2013,hold,hold,falling,-0.736,0.18,4.26,22.537,reverses trend
SP-2013,happening,happening,falling,-0.753,0.04,2.98,55.508,reverses trend
SP-2017,college,college,rising,0.75,3.45,3.6,1.042,continues trend
SP-2017,veterans,veteran,rising,0.727,2.4,0.0,0.004,reverses trend
SP-2017,accessibility,accessibility,rising,0.705,2.17,1.44,0.665,reverses trend
SP-2017,suicide,suicide,rising,0.699,6.62,0.72,0.11,reverses trend
SP-2017,prefer,prefer,rising,0.69,1.81,0.72,0.402,reverses trend
SP-2017,equity,equity,rising,0.666,2.45,0.72,0.297,reverses trend
SP-2017,arts,arts,rising,0.662,2.39,0.36,0.154,reverses trend
SP-2017,ensuring,ensuring,rising,0.656,2.37,3.96,1.671,continues trend
SP-2017,care,care,rising,0.652,43.31,29.17,0.674,reverses trend
SP-2017,health,health,rising,0.637,111.06,43.22,0.389,reverses trend
SP-2017,regulation,regulation,rising,0.633,2.91,1.8,0.62,reverses trend
SP-2017,leadership,leadership,rising,0.629,2.62,0.72,0.278,reverses trend
SP-2017,demographic,demographic,rising,0.628,3.46,1.44,0.418,reverses trend
SP-2017,inpatient,inpatient,rising,0.62,2.06,0.72,0.353,reverses trend
SP-2017,accountability,accountability,rising,0.611,1.43,2.16,1.509,continues trend
SP-2017,living,living,rising,0.607,14.51,6.12,0.422,reverses trend
SP-2017,justice,justice,rising,0.6,5.11,1.08,0.213,reverses trend
SP-2017,improving,improving,rising,0.594,8.23,10.45,1.269,continues trend
SP-2017,physical,physical,rising,0.593,10.85,6.84,0.631,reverses trend
SP-2017,receipt,receipt,rising,0.592,1.17,1.08,0.923,reverses trend
SP-2017,sex,sex,rising,0.591,5.43,3.6,0.664,reverses trend
SP-2017,outcomes,outcome,rising,0.589,35.64,37.46,1.051,continues trend
SP-2017,legislation,legislation,rising,0.587,0.98,0.72,0.735,reverses trend
SP-2017,spark,spark,rising,0.584,1.41,3.24,2.289,continues trend
SP-2017,accessible,accessible,rising,0.584,3.13,2.52,0.805,reverses trend
SP-2017,emotion,emotion,rising,0.579,2.81,0.72,0.259,reverses trend
SP-2017,racial,racial,rising,0.575,9.53,2.52,0.265,reverses trend
SP-2017,access,access,rising,0.574,22.42,21.97,0.98,reverses trend
SP-2017,eligible,eligible,rising,0.561,3.57,1.44,0.406,reverses trend
SP-2017,eligibility,eligibility,rising,0.561,2.74,2.16,0.79,reverses trend
SP-2017,ensure,ensure,rising,0.56,6.91,9.36,1.355,continues trend
SP-2017,receive,receive,rising,0.558,11.45,6.84,0.598,reverses trend
SP-2017,accommodations,accommodation,rising,0.557,2.03,1.8,0.889,reverses trend
SP-2017,disparities,disparity,rising,0.556,19.83,12.61,0.636,reverses trend
SP-2017,timely,timely,rising,0.555,1.87,2.52,1.346,continues trend
SP-2017,in-person,in-person,rising,0.553,1.14,0.0,0.009,reverses trend
SP-2017,urban,urban,rising,0.55,2.11,1.08,0.514,reverses trend
SP-2017,participation,participation,rising,0.547,4.51,7.56,1.675,continues trend
SP-2017,foster,foster,rising,0.544,2.27,3.96,1.742,continues trend
SP-2017,employers,employer,rising,0.541,1.17,0.0,0.008,reverses trend
SP-2017,dysregulation,dysregulation,rising,0.539,2.55,1.08,0.426,reverses trend
SP-2017,individuals,individual,rising,0.537,67.78,73.84,1.089,continues trend
SP-2017,visits,visit,rising,0.535,3.11,3.24,1.041,continues trend
SP-2017,conditions,condition,rising,0.532,25.8,26.29,1.019,continues trend
SP-2017,experience,experience,rising,0.531,11.51,5.76,0.501,reverses trend
SP-2017,policy,policy,rising,0.53,13.89,10.09,0.726,reverses trend
SP-2017,primary,primary,rising,0.53,8.99,6.84,0.761,reverses trend
SP-2017,adulthood,adulthood,rising,0.53,11.93,18.01,1.509,continues trend
SP-2017,enforcement,enforcement,rising,0.529,2.18,1.08,0.497,reverses trend
SP-2017,consistent,consistent,rising,0.529,2.88,2.88,1.0,reverses trend
SP-2017,low-income,low-income,rising,0.526,2.68,1.44,0.539,reverses trend
SP-2017,daily,daily,rising,0.525,4.59,1.44,0.315,reverses trend
SP-2017,outreach,outreach,rising,0.525,2.13,2.16,1.012,continues trend
SP-2017,transportation,transportation,rising,0.523,3.9,0.36,0.095,reverses trend
SP-2017,seeking,seeking,rising,0.523,1.56,0.72,0.465,reverses trend
SP-2017,competitive,competitive,rising,0.523,2.68,0.36,0.138,reverses trend
SP-2017,barriers,barrier,rising,0.519,7.85,10.45,1.331,continues trend
SP-2017,employment,employment,rising,0.518,22.44,12.25,0.546,reverses trend
SP-2017,emotional,emotional,rising,0.516,4.3,0.72,0.17,reverses trend
SP-2017,welfare,welfare,rising,0.514,0.8,0.36,0.456,reverses trend
SP-2017,caregivers,caregiver,rising,0.512,11.14,5.4,0.486,reverses trend
SP-2017,support,support,rising,0.502,70.5,59.07,0.838,reverses trend
SP-2017,school-based,school-based,rising,0.5,3.53,2.16,0.613,reverses trend
SP-2017,strengthen,strengthen,rising,0.499,2.63,2.52,0.961,reverses trend
SP-2017,maximize,maximize,rising,0.498,3.37,6.12,1.816,continues trend
SP-2017,outpatient,outpatient,rising,0.496,1.56,0.36,0.236,reverses trend
SP-2017,coverage,coverage,rising,0.495,5.52,3.96,0.718,reverses trend
SP-2017,meet,meet,rising,0.494,7.88,8.28,1.051,continues trend
SP-2017,syndrome,syndrome,falling,-0.528,1.8,5.4,2.995,reverses trend
SP-2017,prevented,prevented,falling,-0.559,1.87,1.44,0.772,continues trend
SP-2017,developing,developing,falling,-0.566,7.14,12.25,1.714,reverses trend
SP-2017,clues,clue,falling,-0.577,0.04,0.36,7.364,reverses trend
SP-2017,treatment,treatment,falling,-0.582,20.95,54.39,2.595,reverses trend
SP-2017,abnormalities,abnormality,falling,-0.602,0.18,2.52,13.514,reverses trend
SP-2017,turn,turn,falling,-0.608,0.52,1.08,2.044,reverses trend
SP-2017,caused,caused,falling,-0.697,0.9,1.44,1.593,reverses trend
SP-2017,concerned,concerned,falling,-0.707,0.44,0.0,0.022,continues trend
SP-2017,happen,happen,falling,-0.715,0.14,0.72,4.805,reverses trend
SP-2017,hold,hold,falling,-0.731,0.18,1.08,5.762,reverses trend
SP-2017,happening,happening,falling,-0.745,0.04,0.0,0.186,continues trend
SP-2019,college,college,rising,0.748,3.47,3.29,0.949,reverses trend
SP-2019,accessibility,accessibility,rising,0.701,2.23,1.32,0.591,reverses trend
SP-2019,veterans,veteran,rising,0.699,2.52,0.66,0.264,reverses trend
SP-2019,suicide,suicide,rising,0.69,6.1,13.81,2.261,continues trend
SP-2019,prefer,prefer,rising,0.685,1.8,1.97,1.099,continues trend
SP-2019,equity,equity,rising,0.652,2.53,1.32,0.521,reverses trend
SP-2019,arts,arts,rising,0.649,2.42,1.97,0.815,reverses trend
SP-2019,ensuring,ensuring,rising,0.647,2.3,3.29,1.427,continues trend
SP-2019,care,care,rising,0.646,43.21,44.72,1.035,continues trend
SP-2019,demographic,demographic,rising,0.642,3.66,0.66,0.182,reverses trend
SP-2019,regulation,regulation,rising,0.629,2.89,3.29,1.139,continues trend
SP-2019,leadership,leadership,rising,0.624,2.47,4.6,1.857,continues trend
SP-2019,inpatient,inpatient,rising,0.618,1.93,3.95,2.042,continues trend
SP-2019,receipt,receipt,rising,0.61,1.25,0.0,0.008,reverses trend
SP-2019,emotion,emotion,rising,0.609,3.01,0.0,0.003,reverses trend
SP-2019,accountability,accountability,rising,0.608,1.39,1.97,1.417,continues trend
SP-2019,health,health,rising,0.597,109.5,132.85,1.213,continues trend
SP-2019,sex,sex,rising,0.594,5.67,1.97,0.349,reverses trend
SP-2019,justice,justice,rising,0.594,4.96,7.23,1.458,continues trend
SP-2019,access,access,rising,0.59,22.99,14.47,0.629,reverses trend
SP-2019,living,living,rising,0.588,14.33,17.1,1.193,continues trend
SP-2019,improving,improving,rising,0.585,8.25,7.89,0.957,reverses trend
SP-2019,outcomes,outcome,rising,0.584,35.6,36.17,1.016,continues trend
SP-2019,accessible,accessible,rising,0.583,3.22,1.97,0.614,reverses trend
SP-2019,legislation,legislation,rising,0.581,1.01,0.66,0.656,reverses trend
SP-2019,physical,physical,rising,0.577,10.54,15.13,1.434,continues trend
SP-2019,racial,racial,rising,0.571,9.97,3.29,0.33,reverses trend
SP-2019,spark,spark,rising,0.566,1.46,0.66,0.453,reverses trend
SP-2019,eligible,eligible,rising,0.558,3.77,0.66,0.176,reverses trend
SP-2019,eligibility,eligibility,rising,0.558,2.89,0.66,0.23,reverses trend
SP-2019,timely,timely,rising,0.557,1.96,0.66,0.339,reverses trend
SP-2019,in-person,in-person,rising,0.557,1.22,0.0,0.008,reverses trend
SP-2019,participation,participation,rising,0.556,4.74,1.32,0.279,reverses trend
SP-2019,adulthood,adulthood,rising,0.556,12.5,3.95,0.316,reverses trend
SP-2019,disparities,disparity,rising,0.555,20.73,7.23,0.349,reverses trend
SP-2019,ensure,ensure,rising,0.553,6.79,8.55,1.258,continues trend
SP-2019,urban,urban,rising,0.55,2.17,1.32,0.609,reverses trend
SP-2019,receive,receive,rising,0.549,11.61,9.21,0.793,reverses trend
SP-2019,accommodations,accommodation,rising,0.547,1.89,3.95,2.083,continues trend
SP-2019,consistent,consistent,rising,0.54,3.04,0.66,0.219,reverses trend
SP-2019,visits,visit,rising,0.538,3.24,1.32,0.408,reverses trend
SP-2019,primary,primary,rising,0.538,9.35,3.95,0.423,reverses trend
SP-2019,individuals,individual,rising,0.535,66.47,86.16,1.296,continues trend
SP-2019,foster,foster,rising,0.532,2.2,3.29,1.495,continues trend
SP-2019,dysregulation,dysregulation,rising,0.53,2.68,0.66,0.248,reverses trend
SP-2019,daily,daily,rising,0.525,4.73,2.63,0.557,reverses trend
SP-2019,conditions,condition,rising,0.525,25.3,32.88,1.3,continues trend
SP-2019,experience,experience,rising,0.524,11.2,15.78,1.409,continues trend
SP-2019,outpatient,outpatient,rising,0.524,1.67,0.0,0.006,reverses trend
SP-2019,enforcement,enforcement,rising,0.523,2.1,3.29,1.561,continues trend
SP-2019,low-income,low-income,rising,0.522,2.83,0.66,0.235,reverses trend
SP-2019,employers,employer,rising,0.522,1.21,0.66,0.548,reverses trend
SP-2019,school-based,school-based,rising,0.521,3.79,0.0,0.003,reverses trend
SP-2019,seeking,seeking,rising,0.517,1.53,1.97,1.285,continues trend
SP-2019,policy,policy,rising,0.517,13.01,26.31,2.022,continues trend
SP-2019,transportation,transportation,rising,0.517,3.99,2.63,0.66,reverses trend
SP-2019,emotional,emotional,rising,0.516,4.51,1.32,0.293,reverses trend
SP-2019,welfare,welfare,rising,0.516,0.81,0.66,0.812,reverses trend
SP-2019,outreach,outreach,rising,0.515,2.05,3.29,1.599,continues trend
SP-2019,competitive,competitive,rising,0.514,2.73,1.97,0.724,reverses trend
SP-2019,caregivers,caregiver,rising,0.512,11.51,5.92,0.515,reverses trend
SP-2019,barriers,barrier,rising,0.508,7.37,14.47,1.961,continues trend
SP-2019,employment,employment,rising,0.504,22.26,24.99,1.123,continues trend
SP-2019,support,support,rising,0.497,70.98,63.79,0.899,reverses trend
SP-2019,maximize,maximize,rising,0.495,3.47,1.97,0.57,reverses trend
SP-2019,meet,meet,rising,0.493,7.65,11.18,1.461,continues trend
SP-2019,strengthen,strengthen,rising,0.491,2.58,3.29,1.275,continues trend
SP-2019,coverage,coverage,rising,0.489,5.73,2.63,0.46,reverses trend
SP-2019,syndrome,syndrome,falling,-0.516,1.88,0.66,0.354,continues trend
SP-2019,treatment,treatment,falling,-0.546,19.91,35.51,1.783,reverses trend
SP-2019,developing,developing,falling,-0.55,7.13,7.23,1.014,reverses trend
SP-2019,prevented,prevented,falling,-0.555,1.86,1.97,1.06,reverses trend
SP-2019,clues,clue,falling,-0.561,0.04,0.0,0.188,continues trend
SP-2019,abnormalities,abnormality,falling,-0.586,0.19,0.0,0.05,continues trend
SP-2019,turn,turn,falling,-0.61,0.51,0.66,1.274,reverses trend
SP-2019,concerned,concerned,falling,-0.7,0.42,0.66,1.549,reverses trend
SP-2019,caused,caused,falling,-0.701,0.82,1.97,2.377,reverses trend
SP-2019,happen,happen,falling,-0.722,0.11,0.66,5.798,reverses trend
SP-2019,hold,hold,falling,-0.731,0.15,0.66,4.305,reverses trend
SP-2019,happening,happening,falling,-0.755,0.0,0.66,66.768,reverses trend
SP-2023,college,college,rising,0.798,3.64,0.86,0.237,reverses trend
SP-2023,veterans,veteran,rising,0.708,2.53,0.57,0.229,reverses trend
SP-2023,suicide,suicide,rising,0.694,6.95,2.0,0.288,reverses trend
SP-2023,prefer,prefer,rising,0.693,1.9,0.57,0.305,reverses trend
SP-2023,accessibility,accessibility,rising,0.693,1.9,5.99,3.14,continues trend
SP-2023,arts,arts,rising,0.693,2.54,0.29,0.116,reverses trend
SP-2023,leadership,leadership,rising,0.659,2.74,0.86,0.314,reverses trend
SP-2023,care,care,rising,0.647,43.82,36.22,0.827,reverses trend
SP-2023,equity,equity,rising,0.646,2.1,7.41,3.524,continues trend
SP-2023,accountability,accountability,rising,0.632,1.47,0.86,0.585,reverses trend
SP-2023,ensuring,ensuring,rising,0.63,2.05,6.84,3.331,continues trend
SP-2023,demographic,demographic,rising,0.63,3.58,1.71,0.479,reverses trend
SP-2023,regulation,regulation,rising,0.622,2.9,3.14,1.083,continues trend
SP-2023,health,health,rising,0.614,113.31,79.56,0.702,reverses trend
SP-2023,justice,justice,rising,0.597,5.33,2.0,0.375,reverses trend
SP-2023,inpatient,inpatient,rising,0.597,2.15,0.86,0.401,reverses trend
SP-2023,living,living,rising,0.591,14.59,13.4,0.919,reverses trend
SP-2023,legislation,legislation,rising,0.591,1.01,0.57,0.567,reverses trend
SP-2023,improving,improving,rising,0.578,8.14,9.41,1.156,continues trend
SP-2023,emotion,emotion,rising,0.575,2.95,0.86,0.292,reverses trend
SP-2023,outcomes,outcome,rising,0.574,35.04,43.91,1.253,continues trend
SP-2023,sex,sex,rising,0.574,5.06,10.55,2.083,continues trend
SP-2023,physical,physical,rising,0.568,10.36,17.68,1.706,continues trend
SP-2023,racial,racial,rising,0.567,9.56,9.13,0.955,reverses trend
SP-2023,receipt,receipt,rising,0.566,1.17,1.14,0.972,reverses trend
SP-2023,eligible,eligible,rising,0.564,3.76,0.86,0.23,reverses trend
SP-2023,accessible,accessible,rising,0.562,2.79,7.98,2.857,continues trend
SP-2023,spark,spark,rising,0.557,1.35,2.28,1.687,continues trend
SP-2023,access,access,rising,0.553,21.44,36.22,1.689,continues trend
SP-2023,urban,urban,rising,0.553,2.16,1.43,0.662,reverses trend
SP-2023,eligibility,eligibility,rising,0.544,2.65,3.99,1.505,continues trend
SP-2023,consistent,consistent,rising,0.542,2.99,1.43,0.479,reverses trend
SP-2023,disparities,disparity,rising,0.541,19.62,22.81,1.163,continues trend
SP-2023,receive,receive,rising,0.539,11.57,9.7,0.838,reverses trend
SP-2023,ensure,ensure,rising,0.535,6.38,14.26,2.231,continues trend
SP-2023,visits,visit,rising,0.534,3.19,2.0,0.627,reverses trend
SP-2023,foster,foster,rising,0.532,2.23,2.85,1.279,continues trend
SP-2023,accommodations,accommodation,rising,0.53,1.68,6.84,4.049,continues trend
SP-2023,primary,primary,rising,0.529,9.18,6.27,0.683,reverses trend
SP-2023,low-income,low-income,rising,0.528,2.81,0.86,0.307,reverses trend
SP-2023,timely,timely,rising,0.528,1.8,2.85,1.581,continues trend
SP-2023,employment,employment,rising,0.524,23.19,11.98,0.517,reverses trend
SP-2023,employers,employer,rising,0.521,1.24,0.29,0.237,reverses trend
SP-2023,participation,participation,rising,0.52,4.37,6.56,1.501,continues trend
SP-2023,dysregulation,dysregulation,rising,0.52,2.69,0.57,0.215,reverses trend
SP-2023,policy,policy,rising,0.517,13.83,14.83,1.072,continues trend
SP-2023,individuals,individual,rising,0.516,62.54,141.15,2.257,continues trend
SP-2023,competitive,competitive,rising,0.516,2.77,1.43,0.517,reverses trend
SP-2023,experience,experience,rising,0.514,10.96,19.11,1.742,continues trend
SP-2023,adulthood,adulthood,rising,0.511,11.68,15.4,1.318,continues trend
SP-2023,conditions,condition,rising,0.509,24.65,41.92,1.7,continues trend
SP-2023,daily,daily,rising,0.507,4.49,5.99,1.333,continues trend
SP-2023,seeking,seeking,rising,0.506,1.55,1.71,1.102,continues trend
SP-2023,outreach,outreach,rising,0.505,2.08,2.85,1.367,continues trend
SP-2023,barriers,barrier,rising,0.502,7.72,9.7,1.256,continues trend
SP-2023,transportation,transportation,rising,0.501,3.81,5.13,1.346,continues trend
SP-2023,enforcement,enforcement,rising,0.499,1.95,5.42,2.768,continues trend
SP-2023,welfare,welfare,rising,0.495,0.78,1.14,1.461,continues trend
SP-2023,strengthen,strengthen,rising,0.491,2.67,2.0,0.749,reverses trend
SP-2023,school-based,school-based,rising,0.489,3.7,1.14,0.31,reverses trend
SP-2023,outpatient,outpatient,rising,0.487,1.59,1.14,0.721,reverses trend
SP-2023,caregivers,caregiver,rising,0.486,10.02,26.81,2.674,continues trend
SP-2023,emotional,emotional,rising,0.485,4.36,3.42,0.786,reverses trend
SP-2023,support,support,rising,0.476,68.02,105.22,1.547,continues trend
SP-2023,meet,meet,rising,0.475,7.57,12.26,1.619,continues trend
SP-2023,coverage,coverage,rising,0.474,5.43,6.84,1.261,continues trend
SP-2023,maximize,maximize,rising,0.47,2.77,11.69,4.205,continues trend
SP-2023,treatment,treatment,falling,-0.522,21.84,8.55,0.392,continues trend
SP-2023,prevented,prevented,falling,-0.536,2.0,0.0,0.005,continues trend
SP-2023,syndrome,syndrome,falling,-0.551,1.64,3.99,2.425,reverses trend
SP-2023,clues,clue,falling,-0.56,0.04,0.0,0.188,continues trend
SP-2023,developing,developing,falling,-0.561,6.96,9.7,1.393,reverses trend
SP-2023,abnormalities,abnormality,falling,-0.612,0.15,0.57,3.644,reverses trend
SP-2023,turn,turn,falling,-0.624,0.46,1.43,3.06,reverses trend
SP-2023,concerned,concerned,falling,-0.704,0.45,0.29,0.645,continues trend
SP-2023,happen,happen,falling,-0.711,0.15,0.0,0.062,continues trend
SP-2023,caused,caused,falling,-0.711,0.88,1.14,1.287,reverses trend
SP-2023,hold,hold,falling,-0.74,0.15,0.57,3.597,reverses trend
SP-2023,happening,happening,falling,-0.743,0.05,0.0,0.176,continues trend
RTC-2023,college,college,rising,0.742,3.41,4.08,1.194,continues trend
RTC-2023,suicide,suicide,rising,0.713,7.07,0.25,0.037,reverses trend
RTC-2023,veterans,veteran,rising,0.696,2.28,4.08,1.785,continues trend
RTC-2023,prefer,prefer,rising,0.693,1.9,0.51,0.272,reverses trend
RTC-2023,accessibility,accessibility,rising,0.693,1.95,5.35,2.739,continues trend
RTC-2023,equity,equity,rising,0.646,2.14,6.88,3.21,continues trend
RTC-2023,arts,arts,rising,0.638,2.09,6.62,3.159,continues trend
RTC-2023,care,care,rising,0.636,40.86,77.69,1.901,continues trend
RTC-2023,ensuring,ensuring,rising,0.63,2.19,4.84,2.203,continues trend
RTC-2023,physical,physical,rising,0.62,11.24,5.35,0.476,reverses trend
RTC-2023,demographic,demographic,rising,0.619,3.54,2.29,0.648,reverses trend
RTC-2023,regulation,regulation,rising,0.615,2.79,4.58,1.639,continues trend
RTC-2023,leadership,leadership,rising,0.61,2.48,4.58,1.848,continues trend
RTC-2023,inpatient,inpatient,rising,0.603,2.17,0.51,0.238,reverses trend
RTC-2023,sex,sex,rising,0.598,5.67,2.04,0.361,reverses trend
RTC-2023,racial,racial,rising,0.597,10.06,2.04,0.203,reverses trend
RTC-2023,health,health,rising,0.593,109.89,127.35,1.159,continues trend
RTC-2023,improving,improving,rising,0.59,8.29,7.39,0.892,reverses trend
RTC-2023,accountability,accountability,rising,0.589,1.37,2.29,1.672,continues trend
RTC-2023,outcomes,outcome,rising,0.588,35.94,31.33,0.872,reverses trend
RTC-2023,justice,justice,rising,0.588,4.71,10.7,2.268,continues trend
RTC-2023,disparities,disparity,rising,0.585,20.9,4.84,0.232,reverses trend
RTC-2023,living,living,rising,0.585,14.49,14.77,1.019,continues trend
RTC-2023,receipt,receipt,rising,0.57,1.18,1.02,0.863,reverses trend
RTC-2023,emotion,emotion,rising,0.568,2.89,1.78,0.619,reverses trend
RTC-2023,legislation,legislation,rising,0.567,0.95,1.53,1.61,continues trend
RTC-2023,accessible,accessible,rising,0.562,2.79,7.9,2.819,continues trend
RTC-2023,spark,spark,rising,0.561,1.49,0.25,0.176,reverses trend
RTC-2023,visits,visit,rising,0.558,3.32,0.25,0.08,reverses trend
RTC-2023,adulthood,adulthood,rising,0.555,12.43,4.84,0.39,reverses trend
RTC-2023,access,access,rising,0.554,21.99,28.53,1.297,continues trend
RTC-2023,conditions,condition,rising,0.548,26.37,17.83,0.676,reverses trend
RTC-2023,accommodations,accommodation,rising,0.547,2.04,1.78,0.873,reverses trend
RTC-2023,consistent,consistent,rising,0.546,3.0,1.27,0.427,reverses trend
RTC-2023,daily,daily,rising,0.546,4.81,1.53,0.319,reverses trend
RTC-2023,urban,urban,rising,0.545,2.04,3.06,1.494,continues trend
RTC-2023,eligibility,eligibility,rising,0.545,2.75,2.55,0.926,reverses trend
RTC-2023,eligible,eligible,rising,0.538,3.42,5.6,1.637,continues trend
RTC-2023,ensure,ensure,rising,0.535,6.44,13.5,2.095,continues trend
RTC-2023,timely,timely,rising,0.532,1.84,2.29,1.244,continues trend
RTC-2023,participation,participation,rising,0.531,4.51,4.58,1.017,continues trend
RTC-2023,receive,receive,rising,0.53,11.08,16.56,1.493,continues trend
RTC-2023,foster,foster,rising,0.526,2.2,3.31,1.506,continues trend
RTC-2023,individuals,individual,rising,0.525,66.56,84.82,1.274,continues trend
RTC-2023,experience,experience,rising,0.524,11.71,8.66,0.74,reverses trend
RTC-2023,dysregulation,dysregulation,rising,0.52,2.69,0.51,0.192,reverses trend
RTC-2023,primary,primary,rising,0.515,8.81,11.46,1.3,continues trend
RTC-2023,welfare,welfare,rising,0.514,0.82,0.51,0.624,reverses trend
RTC-2023,policy,policy,rising,0.511,13.7,16.56,1.208,continues trend
RTC-2023,competitive,competitive,rising,0.508,2.65,3.06,1.152,continues trend
RTC-2023,seeking,seeking,rising,0.505,1.55,1.78,1.152,continues trend
RTC-2023,barriers,barrier,rising,0.505,7.88,7.39,0.937,reverses trend
RTC-2023,employment,employment,rising,0.503,21.84,30.82,1.411,continues trend
RTC-2023,employers,employer,rising,0.503,1.04,3.06,2.928,continues trend
RTC-2023,caregivers,caregiver,rising,0.502,11.37,7.9,0.695,reverses trend
RTC-2023,enforcement,enforcement,rising,0.499,1.92,5.86,3.041,continues trend
RTC-2023,low-income,low-income,rising,0.499,2.56,4.33,1.686,continues trend
RTC-2023,outreach,outreach,rising,0.499,2.01,3.82,1.892,continues trend
RTC-2023,transportation,transportation,rising,0.498,3.32,11.97,3.594,continues trend
RTC-2023,school-based,school-based,rising,0.489,3.69,1.27,0.347,reverses trend
RTC-2023,emotional,emotional,rising,0.489,4.38,3.06,0.698,reverses trend
RTC-2023,meet,meet,rising,0.488,7.94,7.13,0.899,reverses trend
RTC-2023,outpatient,outpatient,rising,0.485,1.58,1.27,0.809,reverses trend
RTC-2023,maximize,maximize,rising,0.485,3.43,2.55,0.744,reverses trend
RTC-2023,strengthen,strengthen,rising,0.477,2.43,5.35,2.196,continues trend
RTC-2023,support,support,rising,0.477,69.06,90.68,1.313,continues trend
RTC-2023,coverage,coverage,rising,0.474,5.39,7.39,1.371,continues trend
RTC-2023,treatment,treatment,falling,-0.527,21.18,17.83,0.842,continues trend
RTC-2023,syndrome,syndrome,falling,-0.528,1.76,2.29,1.299,reverses trend
RTC-2023,prevented,prevented,falling,-0.536,2.0,0.0,0.005,continues trend
RTC-2023,developing,developing,falling,-0.555,7.14,7.13,0.999,continues trend
RTC-2023,turn,turn,falling,-0.607,0.54,0.25,0.479,continues trend
RTC-2023,abnormalities,abnormality,falling,-0.607,0.17,0.25,1.456,reverses trend
RTC-2023,clues,clue,falling,-0.61,0.02,0.25,7.574,reverses trend
RTC-2023,caused,caused,falling,-0.701,0.93,0.51,0.553,continues trend
RTC-2023,concerned,concerned,falling,-0.704,0.45,0.25,0.576,continues trend
RTC-2023,happen,happen,falling,-0.711,0.15,0.0,0.062,continues trend
RTC-2023,hold,hold,falling,-0.727,0.19,0.0,0.049,continues trend
RTC-2023,happening,happening,falling,-0.743,0.05,0.0,0.176,continues trend
SOA-2023,college,college,rising,0.739,3.28,5.89,1.793,continues trend
SOA-2023,accessibility,accessibility,rising,0.703,2.22,1.47,0.664,reverses trend
SOA-2023,veterans,veteran,rising,0.698,2.36,2.94,1.247,continues trend
SOA-2023,suicide,suicide,rising,0.68,5.09,27.97,5.486,continues trend
SOA-2023,prefer,prefer,rising,0.673,1.62,4.42,2.715,continues trend
SOA-2023,arts,arts,rising,0.66,2.46,1.47,0.601,reverses trend
SOA-2023,care,care,rising,0.656,44.3,29.45,0.665,reverses trend
SOA-2023,ensuring,ensuring,rising,0.653,2.43,1.47,0.607,reverses trend
SOA-2023,equity,equity,rising,0.649,2.52,1.47,0.586,reverses trend
SOA-2023,leadership,leadership,rising,0.643,2.7,1.47,0.547,reverses trend
SOA-2023,outcomes,outcome,rising,0.631,36.71,20.61,0.562,reverses trend
SOA-2023,improving,improving,rising,0.619,8.5,4.42,0.52,reverses trend
SOA-2023,spark,spark,rising,0.618,1.51,0.0,0.007,reverses trend
SOA-2023,eligibility,eligibility,rising,0.616,2.93,0.0,0.003,reverses trend
SOA-2023,accountability,accountability,rising,0.616,1.43,1.47,1.033,continues trend
SOA-2023,accommodations,accommodation,rising,0.616,2.17,0.0,0.005,reverses trend
SOA-2023,regulation,regulation,rising,0.615,2.81,4.42,1.572,continues trend
SOA-2023,ensure,ensure,rising,0.609,7.19,2.94,0.41,reverses trend
SOA-2023,demographic,demographic,rising,0.607,3.18,7.36,2.31,continues trend
SOA-2023,health,health,rising,0.593,110.05,125.15,1.137,continues trend
SOA-2023,justice,justice,rising,0.591,5.16,4.42,0.856,reverses trend
SOA-2023,in-person,in-person,rising,0.584,1.22,0.0,0.008,reverses trend
SOA-2023,low-income,low-income,rising,0.58,2.87,0.0,0.003,reverses trend
SOA-2023,living,living,rising,0.579,14.39,16.2,1.125,continues trend
SOA-2023,enforcement,enforcement,rising,0.577,2.34,0.0,0.004,reverses trend
SOA-2023,employers,employer,rising,0.577,1.26,0.0,0.008,reverses trend
SOA-2023,sex,sex,rising,0.577,5.18,8.83,1.703,continues trend
SOA-2023,accessible,accessible,rising,0.573,3.15,2.94,0.936,reverses trend
SOA-2023,physical,physical,rising,0.572,10.78,11.78,1.092,continues trend
SOA-2023,welfare,welfare,rising,0.57,0.86,0.0,0.012,reverses trend
SOA-2023,legislation,legislation,rising,0.569,0.95,1.47,1.545,continues trend
SOA-2023,maximize,maximize,rising,0.568,3.61,0.0,0.003,reverses trend
SOA-2023,strengthen,strengthen,rising,0.556,2.81,0.0,0.004,reverses trend
SOA-2023,emotion,emotion,rising,0.554,2.7,4.42,1.634,continues trend
SOA-2023,racial,racial,rising,0.553,7.79,33.86,4.344,continues trend
SOA-2023,access,access,rising,0.553,21.5,35.34,1.643,continues trend
SOA-2023,eligible,eligible,rising,0.548,3.61,2.94,0.816,reverses trend
SOA-2023,support,support,rising,0.541,72.7,39.75,0.547,reverses trend
SOA-2023,disparities,disparity,rising,0.54,19.36,26.5,1.369,continues trend
SOA-2023,foster,foster,rising,0.54,2.33,1.47,0.634,reverses trend
SOA-2023,urban,urban,rising,0.54,1.95,4.42,2.263,continues trend
SOA-2023,receive,receive,rising,0.531,11.21,14.72,1.313,continues trend
SOA-2023,policy,policy,rising,0.529,14.15,10.31,0.729,reverses trend
SOA-2023,timely,timely,rising,0.528,1.48,7.36,4.954,continues trend
SOA-2023,individuals,individual,rising,0.525,66.52,85.39,1.284,continues trend
SOA-2023,employment,employment,rising,0.524,23.31,10.31,0.442,reverses trend
SOA-2023,primary,primary,rising,0.523,9.11,7.36,0.809,reverses trend
SOA-2023,caregivers,caregiver,rising,0.523,11.62,4.42,0.381,reverses trend
SOA-2023,transportation,transportation,rising,0.518,4.07,1.47,0.363,reverses trend
SOA-2023,seeking,seeking,rising,0.518,1.57,1.47,0.939,reverses trend
SOA-2023,competitive,competitive,rising,0.516,2.77,1.47,0.534,reverses trend
SOA-2023,participation,participation,rising,0.515,4.2,8.83,2.099,continues trend
SOA-2023,barriers,barrier,rising,0.515,7.99,5.89,0.738,reverses trend
SOA-2023,experience,experience,rising,0.514,10.75,22.08,2.053,continues trend
SOA-2023,visits,visit,rising,0.511,2.81,7.36,2.615,continues trend
SOA-2023,coverage,coverage,rising,0.511,5.81,1.47,0.255,reverses trend
SOA-2023,conditions,condition,rising,0.509,25.12,35.34,1.406,continues trend
SOA-2023,consistent,consistent,rising,0.509,2.46,8.83,3.584,continues trend
SOA-2023,adulthood,adulthood,rising,0.506,10.57,30.92,2.923,continues trend
SOA-2023,outreach,outreach,rising,0.505,2.08,2.94,1.416,continues trend
SOA-2023,daily,daily,rising,0.502,4.29,8.83,2.058,continues trend
SOA-2023,dysregulation,dysregulation,rising,0.501,2.41,4.42,1.826,continues trend
SOA-2023,meet,meet,rising,0.49,8.03,5.89,0.734,reverses trend
SOA-2023,emotional,emotional,rising,0.481,4.08,7.36,1.804,continues trend
SOA-2023,outpatient,outpatient,rising,0.472,1.46,2.94,2.015,continues trend
SOA-2023,school-based,school-based,rising,0.47,3.36,5.89,1.748,continues trend
SOA-2023,syndrome,syndrome,falling,-0.501,1.93,0.0,0.005,continues trend
SOA-2023,treatment,treatment,falling,-0.522,21.82,8.83,0.405,continues trend
SOA-2023,developing,developing,falling,-0.535,7.55,1.47,0.196,continues trend
SOA-2023,prevented,prevented,falling,-0.536,2.0,0.0,0.005,continues trend
SOA-2023,clues,clue,falling,-0.56,0.04,0.0,0.188,continues trend
SOA-2023,abnormalities,abnormality,falling,-0.584,0.19,0.0,0.05,continues trend
SOA-2023,turn,turn,falling,-0.624,0.46,1.47,3.182,reverses trend
SOA-2023,caused,caused,falling,-0.687,0.97,0.0,0.01,continues trend
SOA-2023,concerned,concerned,falling,-0.694,0.47,0.0,0.021,continues trend
SOA-2023,hold,hold,falling,-0.727,0.19,0.0,0.049,continues trend
SOA-2023,happening,happening,falling,-0.743,0.05,0.0,0.176,continues trend
SOA-2023,happen,happen,falling,-0.748,0.05,1.47,26.016,reverses trend
