doc_id,series,series_short,year,is_draft,n_words,n_sentences,words_per_sentence,sentence_len_sd,sentence_len_p90,letters_per_word,syllables_per_word,long_words_pct,polysyllable_pct,flesch_reading_ease,flesch_kincaid_grade,gunning_fog,smog,coleman_liau,ari,mattr,types_per_10k,passive_per_100_sent,questions_per_100_sent,first_plural_per_1k,committee_per_1k,modals_per_1k,deontic_index,must_per_1k,should_per_1k,will_per_1k,may_might_per_1k,hedges_per_1k,boosters_per_1k,nominalisation_pct,acronyms_per_1k,numerals_per_1k,ref_markers_per_1k
SOA-2007,summary-of-advances,SOA,2007,False,4367,263,16.604562737642585,14.806595299140444,36.0,5.3938630638882525,1.7556675062972291,33.340966338447444,19.6702541790703,41.45189778854723,11.60265604198791,14.509926766685155,13.453471979353555,14.133272269292416,12.277376399734962,0.4922885211995863,,15.209125475285171,6.4638783269961975,0.2289901534234028,0.0,10.76253721089993,0.0851063829787234,0.2289901534234028,0.6869704602702084,1.3739409205404167,3.4348523013510417,8.930615983512709,3.4348523013510417,6.686512479963362,32.28761163269979,66.63613464621021,0.0
PA-2008,portfolio-analysis,PA,2008,False,2163,210,10.3,10.806104976442935,29.0,5.516874711049469,1.792417938049006,40.221914008321775,20.758206195099397,44.74194244105411,9.57753166897827,12.42328247803976,11.48240730908423,13.765436893203884,9.704479889043,0.4026826923076923,,10.952380952380953,7.142857142857143,0.0,0.0,10.171058714748035,0.22727272727272727,0.0,1.8492834026814609,1.8492834026814609,0.0,0.0,0.0,7.674526121128063,43.9204808136847,56.40314378178456,0.0
SOA-2008,summary-of-advances,SOA,2008,False,9818,686,14.31195335276968,14.640454854335891,31.0,5.371664290079446,1.7790792422081891,34.43674882868201,20.839274801385212,41.798263456125994,10.98479686563681,14.060491261661959,12.994976906938234,13.717184762680784,11.026515482659029,0.5031353149479558,,13.26530612244898,3.3527696793002915,0.0,0.0,8.759421470767977,0.09302325581395349,0.20370747606437156,0.5092686901609289,0.916683642289672,3.259319617029945,10.592788755347321,1.425952332450601,6.66123446730495,18.639234059889997,92.89060908535343,7.027907924220819
PA-2009,portfolio-analysis,PA,2009,False,7908,538,14.698884758364311,13.291360313349587,35.30000000000001,5.586368234699039,1.8238492665655033,40.31360647445625,21.863935255437532,37.617984018818646,11.663986401235022,14.625128005520736,13.370310541938501,15.034087000505817,12.231236764614628,0.4012484815764611,,14.684014869888475,5.762081784386617,0.0,0.0,6.322711178553364,0.26,0.6322711178553364,0.885179564997471,0.885179564997471,0.6322711178553364,1.770359129994942,1.770359129994942,7.8401618614061706,46.28224582701063,112.29135053110775,0.0
RTC-2009,report-to-congress,RTC,2009,False,21984,1158,18.984455958549223,18.441985781287602,40.0,5.7210243813682675,1.8862809315866085,39.537845705967975,23.580786026200872,27.986410389845474,14.07205281655618,17.026096793900038,15.216228871337957,16.280453056768554,15.00825281551915,0.4438353269723062,1681.5,16.14853195164076,0.5181347150259067,0.3184133915574964,0.0,5.549490538573508,0.10655737704918032,0.2274381368267831,0.04548762736535662,2.183406113537118,1.2281659388646289,3.6844978165938866,1.9104803493449782,8.451601164483261,61.08988355167394,47.03420669577875,0.0
SP-2009,strategic-plan,SP,2009,False,10423,529,19.703213610586012,12.854750913676591,37.0,5.63100834692507,1.8499472320828936,37.340496977837475,23.79353353161278,30.33070235104242,13.923630646706687,17.398698856879516,15.498337834744564,15.808036074066969,14.943656119310084,0.500338371624345,1937.0,20.415879017013232,8.31758034026465,3.262016693850139,0.09594166746618056,16.214141801784514,0.1242603550295858,0.38376666986472224,0.9594166746618056,4.4133167034443055,3.1660750263839583,9.018516741820973,2.014775016789792,7.06130672551089,37.12942530941188,20.53151683776264,2.1107166842559724
SOA-2009,summary-of-advances,SOA,2009,False,5940,273,21.75824175824176,11.615330900447947,34.0,5.287373737373738,1.724915824915825,32.60942760942761,19.225589225589225,38.822505827505864,13.249721019721019,16.393532393532393,14.813237636457913,13.929353535353535,14.352651182151185,0.4842216504319059,,33.333333333333336,0.0,0.0,0.0,10.101010101010102,0.08333333333333333,0.0,0.5050505050505051,1.0101010101010102,4.208754208754209,15.656565656565657,1.851851851851852,5.218855218855219,27.609427609427613,28.114478114478118,3.198653198653199
PA-2010,portfolio-analysis,PA,2010,False,18220,1013,17.986179664363277,16.231962622486225,38.80000000000007,5.681558726673985,1.865642151481888,40.52689352360044,22.65093304061471,30.74570162530358,13.439187456587959,16.254845081991196,14.659847114252102,15.961857299670694,14.323231434816108,0.41112194571412447,1350.0,16.288252714708786,1.8756169792694966,0.10976948408342481,0.38419319429198684,6.970362239297476,0.16535433070866143,0.054884742041712405,0.823271130625686,0.9879253567508233,1.8111964873765094,3.512623490669594,0.32930845225027444,7.563117453347969,26.619099890230515,76.83863885839736,0.0
SP-2010,strategic-plan,SP,2010,False,16347,866,18.876443418013857,13.020138046158527,36.0,5.679880100324218,1.8624212393711383,38.02532574784364,24.273567015354498,30.114573079917648,13.74838355760484,17.26000417334734,15.357561526962304,16.029602985257227,14.760456981533999,0.4876665825340737,1966.0,23.21016166281755,9.468822170900692,2.569278766746192,0.061173303970147426,15.109806080626415,0.22267206477732793,1.284639383373096,1.1011194714626538,2.9363185905670766,3.303358414387961,7.8301829081788705,2.446932158805897,7.077751269346058,33.2782773597602,27.466813482596194,2.875145286596929
SOA-2010,summary-of-advances,SOA,2010,False,7059,430,16.41627906976744,13.206982477260967,34.0,5.424139396515087,1.76625584360391,34.76413089672758,20.725315200453323,40.747232375295255,11.654167791735443,14.856637708088307,13.6664855600837,14.290851395381779,12.325836092469778,0.5139350609756097,,20.46511627906977,3.0232558139534884,0.0,0.2833262501770789,9.916418756197762,0.12857142857142856,0.2833262501770789,0.42498937526561836,1.6999575010624735,2.833262501770789,8.499787505312367,2.2666100014166313,6.1481796288426125,35.69910752231194,31.024224394390142,0.14166312508853945
SP-2011,strategic-plan,SP,2011,False,36616,1614,22.686493184634447,16.027767215148515,43.0,5.397039545553857,1.801234433034739,34.67882892724492,22.167904741096788,31.42377638285714,14.512298651817357,17.941759170292496,15.940333404980073,14.629851431068385,15.333302851875885,0.49026275715037243,2087.6666666666665,23.296158612143742,7.125154894671623,0.9831767533318768,0.4915883766659384,12.753987327944069,0.1948608137044968,0.7373825649989076,1.0377976840725367,2.2121476949967227,3.08608258684728,7.046100065545117,1.7205593183307843,6.904085645619402,31.76207122569369,26.463840943849686,4.943194232029714
SOA-2011,summary-of-advances,SOA,2011,False,6848,414,16.541062801932366,13.025133816884445,34.0,5.472254672897196,1.8030081775700935,35.251168224299064,21.74357476635514,37.51132943360878,12.136510988080726,15.313855027315004,13.963181894985212,14.587371495327101,12.61485091031198,0.5170461489998425,,19.565217391304348,3.3816425120772946,0.0,0.14602803738317757,7.739485981308412,0.11320754716981132,0.14602803738317757,0.14602803738317757,0.5841121495327103,2.9205607476635516,9.63785046728972,1.7523364485981308,7.22838785046729,25.84696261682243,34.17056074766355,0.0
PA-2012,portfolio-analysis,PA,2012,False,39159,2712,14.439159292035399,15.133622646162912,35.0,5.565055287417962,1.8122270742358078,39.05615567302536,21.285017492785823,38.86484283823475,11.42555159987634,14.28967071392849,13.144144775104358,14.872544242702826,12.000990049756304,0.42674433523021216,1383.0,24.520648967551622,0.995575221238938,0.12768456804310632,0.4596644449551827,7.712147909803622,0.23178807947019867,0.15322148165172758,1.0470134579534718,0.9448658035189867,2.4770806200362623,5.413825685027708,0.7405704946500166,7.556372736791031,26.328557930488522,80.84986848489491,0.0
PUBA-2012,publications-analysis,PUBA,2012,False,20583,1390,14.807913669064748,17.326399223027053,36.0,5.859447116552495,1.921488607102949,39.97959481125201,24.836029733275033,29.24703146498979,12.858651894750054,15.857577360935913,14.08461904670581,16.654617888548803,13.571952753494628,0.4403291177056364,1614.0,18.1294964028777,2.0863309352517985,0.24291891366661808,0.2915026963999417,6.072972841665452,0.096,0.09716756546664723,0.38867026186658893,0.5830053927998834,2.040518874799592,6.801729582665306,5.344216100665598,11.023660302191129,26.72108050332799,51.35305834912306,0.048583782733323616
RTC-2012,report-to-congress,RTC,2012,False,38819,1604,24.20137157107232,23.739388717328183,49.0,5.849352121383858,1.928359823797625,40.673381591488706,25.039284886267033,19.131366762082564,16.60318083353018,19.696262582935745,17.19203230756949,17.371119297251344,18.22113427725413,0.4589927974947808,1814.0,15.523690773067331,0.5610972568578554,0.2833663927458204,0.02576058115871094,4.224735310028595,0.10975609756097561,0.10304232463484377,0.12880290579355472,1.6486771941575002,0.9789020840310158,2.1381282361730083,1.1334655709832815,9.34593884438033,22.514747932713362,42.29887426260336,0.0
SP-2012,strategic-plan,SP,2012,False,18417,1171,15.727583262169086,15.414071312134558,38.0,5.521420426779605,1.8223923548895042,36.031927023945265,22.96791008307542,36.697109765246324,12.047987259942094,15.478197338097804,13.986770851100868,14.783908345550302,12.439681841216483,0.5030633999330282,2119.0,23.14261315115286,3.4158838599487615,0.3257859586251833,0.38008361839604715,12.054080469131781,0.2927927927927928,1.3574414942715969,1.3031438345007331,2.280501710376283,2.8234783080849217,7.330184069066624,2.117608731063691,7.438779388608351,26.280067329098117,29.70081989466254,8.198946625400445
SOA-2012,summary-of-advances,SOA,2012,False,8376,423,19.80141843971631,15.713399376768999,42.80000000000001,5.43935052531041,1.7939350525310411,34.407831900668576,22.206303724928368,34.96965483956188,13.30098681135565,16.80308886585787,15.108394015357621,14.688538681948419,14.090050194070187,0.5046977275612543,,22.458628841607567,4.491725768321513,0.11938872970391595,0.2387774594078319,10.864374403056352,0.13186813186813187,0.35816618911174786,0.7163323782234957,1.4326647564469914,3.7010506208213947,9.073543457497612,1.3132760267430754,7.282712511938873,42.97994269340974,38.9207258834766,0.8357211079274116
PA-2013,portfolio-analysis,PA,2013,False,23309,2261,10.309155241043786,13.57588628437351,30.0,5.571195675490154,1.8298940323480202,39.72285383328328,21.330816422840964,41.56217229369807,10.023320125713713,12.6559886655539,11.600598038085586,14.0873962846969,9.964909252080517,0.42793485313459007,1426.5,10.703228659885006,1.8575851393188854,0.08580376678536188,0.6006263674975332,5.791754258011927,0.18518518518518517,0.2574113003560856,0.6006263674975332,0.4290188339268094,2.230897936419409,4.161482689090051,0.6006263674975332,7.898236732592561,31.275472993264405,106.13925951349265,0.0
SP-2013,strategic-plan,SP,2013,False,42867,2181,19.65474552957359,21.60886753320851,42.0,5.491123708213777,1.8084307275993188,36.32864441178529,22.404180371847808,33.892193732580466,13.414833342205664,16.82357036056856,15.117001854226825,14.981809783749732,14.260565430473683,0.47887561367069487,1718.5,34.3878954607978,2.246675836772123,0.2332796790071617,0.5365432617164719,11.64065598245737,0.24448897795591182,0.4665593580143234,1.236382298737957,2.4261086616744816,2.9159959875895214,7.0217183381155674,2.169501014766604,6.856089766020482,23.981151001936222,42.20029393239555,0.0
SOA-2013,summary-of-advances,SOA,2013,False,11615,605,19.198347107438018,16.228034020701248,41.0,5.629358588032717,1.8416702539819199,37.19328454584589,23.013344812742144,31.543374199080006,13.62906436888748,16.884676768072065,15.13699074658069,15.758829100301334,14.683452503353102,0.5050748470672904,2083.0,25.619834710743802,4.958677685950414,0.34438226431338786,0.17219113215669393,7.576409814894533,0.056818181818181816,0.08609556607834697,0.17219113215669393,0.5165733964700818,3.357727077055532,11.106328024106759,1.1192423590185105,7.5850193715023675,40.37882049074473,29.78906586310805,0.08609556607834697
SOA-2014,summary-of-advances,SOA,2014,False,10073,590,17.072881355932203,13.783056787579902,35.0,5.457162712200933,1.7842747940037724,35.26258314305569,21.741288593269136,38.5563778510097,12.122866298058074,15.525667979680538,14.135390905274374,14.55437307654125,12.809677052432498,0.4767641529141425,1918.0,18.64406779661017,4.406779661016949,0.09927529038022437,0.19855058076044874,6.849995036235481,0.10144927536231885,0.09927529038022437,0.39710116152089747,0.6949270326615706,3.0775340017869555,8.041298520798174,0.6949270326615706,6.403256229524471,46.460835897945,40.10721731361065,0.09927529038022437
PA-2015,portfolio-analysis,PA,2015,False,27837,2893,9.622191496716212,15.363259616507623,28.0,5.532600495743075,1.8280705535797679,40.00790315048317,21.252290117469556,42.4137067979847,9.733887215960582,12.349792645674308,11.298399186258738,13.655468620900237,9.439644083307993,0.40463128246396957,1232.5,8.952644313861043,1.520912547528517,0.07184682257427165,0.610697991881309,4.993354168911879,0.17985611510791366,0.25146387900995076,0.5029277580199015,0.610697991881309,1.832093975643927,3.125336781980817,0.6466214031684449,7.9498509178431584,23.601681215648238,135.50310737507633,0.0
SOA-2015,summary-of-advances,SOA,2015,False,11080,626,17.69968051118211,16.46176419491875,41.0,5.502436823104693,1.798826714801444,35.42418772563177,21.498194945848375,36.689084208948,12.539030634018065,15.679150182812194,14.272780392209125,14.881981949458488,13.336317692414163,0.48100103959928175,1854.0,19.64856230031949,4.952076677316294,0.36101083032490977,0.27075812274368233,9.56678700361011,0.29245283018867924,0.09025270758122744,2.1660649819494586,0.18050541516245489,3.1588447653429603,8.393501805054152,1.1732851985559567,7.7797833935018055,38.98916967509025,36.8231046931408,0.0
USPSTF-2016,autism,USPSTF,2016,False,13693,836,16.379186602870814,12.286492264326366,33.0,5.6568319579347115,1.833783685094574,37.318337836850944,23.281968889213466,35.0720258390852,12.436530259235592,15.864462196833712,14.284906004393203,15.655000365150077,13.403271823307897,0.3583225708655449,1327.0,8.133971291866029,0.11961722488038277,0.3651500766815161,0.0,6.426641349594684,0.22727272727272727,0.0,1.3875702913897612,1.3145402760534581,1.3145402760534581,3.0672606441247354,1.4606003067260644,7.142335499890455,25.049295260352007,28.189585919813045,0.14606003067260645
IPA-2016,international-portfolio-analysis,IPA,2016,False,14291,900,15.87888888888889,16.606484640006308,35.0,5.750542299349241,1.8622209782380519,41.571618501154575,22.839549366734307,33.1740330188386,12.57697420987568,15.48737530224928,14.008344973802181,16.14907844097683,13.594498674379366,0.4282470997679814,1420.0,11.333333333333334,0.5555555555555556,0.4898187670561892,0.0699741095794556,2.5190679448604016,0.08333333333333333,0.0,0.1399482191589112,0.9096634245329228,0.7697152053740116,1.5394304107480232,0.9796375341123784,9.530473724721853,37.57609684416766,46.60275697991743,0.0699741095794556
PA-2016,portfolio-analysis,PA,2016,False,17834,1749,10.19668381932533,12.064159071996606,28.0,5.853033531456768,1.8999663563978917,43.714253672759895,23.118761915442413,35.748212172123175,10.806309695032002,13.326178293907098,11.900253237064199,15.712932600650447,11.236129842824049,0.4378307470435535,1293.0,9.033733562035449,1.486563750714694,0.336436021083324,0.728944712347202,3.700796231916564,0.07575757575757576,0.0,0.0,0.616799371986094,1.233598743972188,2.52327015812493,0.616799371986094,9.487495794549737,42.89559268812381,79.95962767747001,0.0
SOA-2016,summary-of-advances,SOA,2016,False,12627,766,16.48433420365535,13.015922765768229,34.0,5.603547952799556,1.816504316147937,37.41189514532351,22.372693434703415,36.42713563717436,12.273641269971247,15.542811055343506,14.099937366381027,15.35321770808584,13.204877959513588,0.4514833443271768,1769.0,16.057441253263708,3.3942558746736293,0.15839074998020117,0.15839074998020117,8.31551437396056,0.047619047619047616,0.0,0.23758612497030174,0.39597687495050293,4.03896412449513,9.66183574879227,1.1087352498614083,7.761146749029857,47.75481111903065,33.42044824582245,0.0
RTC-2017,report-to-congress,RTC,2017,False,28343,1324,21.407099697885197,21.769313286224868,44.0,5.788201672370603,1.9008573545496243,39.60766326782627,24.524573968881207,24.29426161174831,15.188885665860798,18.37266946670656,16.218646115125612,16.8519069964365,16.53597972580814,0.46042084470622036,1734.0,18.429003021148038,0.3021148036253776,0.0,0.10584624069435135,6.562466923049784,0.2849462365591398,0.5997953639346576,0.7409236848604595,0.705641604629009,2.681438097590234,5.609850756800621,1.1643086476378648,8.739371273330276,37.928236248809235,22.545249267896835,0.03528208023145045
SP-2017,strategic-plan,SP,2017,False,48337,1673,28.89240884638374,23.489752233844044,54.0,5.760204398287026,1.8958148002565323,39.37149595547924,24.962244243540145,17.123272919217897,18.048654093116742,21.541861235969556,18.470981565119676,17.04551130603885,20.146767139123767,0.5019644215895314,1938.25,34.96712492528392,0.8965929468021518,1.1999089724227818,0.33100937170283634,13.467943811159154,0.20430107526881722,0.5999544862113909,1.1999089724227818,3.1652771169083724,3.1859652026398,8.751060264393736,3.1239009454455178,7.776651426443511,26.997951879512588,21.122535531787243,0.04137617146285454
SOA-2017,summary-of-advances,SOA,2017,False,11799,645,18.293023255813953,14.303770772135044,36.0,5.433087549792355,1.7665903890160184,34.282566319179594,21.501822188321043,38.81403448459372,12.39004566015646,15.917938177653998,14.458980052321824,14.528451563691839,13.30635398742897,0.4566706194690266,1748.0,19.689922480620154,6.2015503875969,0.0,0.25425883549453343,7.204000339011781,0.047058823529411764,0.0,0.25425883549453343,0.5932706161539114,2.796847190439868,10.085600474616493,1.5255530129672006,6.170014408000678,55.34367319264344,39.579625391982376,0.0
PA-2018,portfolio-analysis,PA,2018,False,21329,1405,15.180782918149466,15.654910230776105,33.0,5.78911341366215,1.877162548642693,43.574476065450796,22.288902433306767,32.61855372290648,12.481023412062072,14.987874140582495,13.637494352701374,16.290153312391578,13.427115637423462,0.40840451272203554,1396.5,13.87900355871886,1.4234875444839858,0.32819166393173616,0.46884523418819446,4.26649163111257,0.054945054945054944,0.0,0.0,0.7970368981199306,1.781611889915139,3.563223779830278,0.6563833278634723,9.090909090909092,32.3034366355666,98.97322893712786,0.0
RTC-2018,report-to-congress,RTC,2018,False,46900,2540,18.46456692913386,16.18716575094819,39.0,5.795202558635395,1.9036673773987207,39.94243070362474,24.55223880597015,27.04320443899738,14.07445615566711,17.206722294041604,15.292641707499453,16.67272068230277,15.097687515739636,0.45508954548393354,1853.25,13.228346456692913,0.5905511811023622,0.2771855010660981,0.021321961620469083,4.157782515991471,0.07692307692307693,0.08528784648187633,0.1279317697228145,1.4285714285714286,1.236673773987207,3.4968017057569294,1.300639658848614,8.886993603411513,58.486140724946694,43.027718550106606,0.3411513859275053
SOA-2018,summary-of-advances,SOA,2018,False,10161,644,15.777950310559007,11.657858417373172,31.0,5.602302922940655,1.8303316602696584,37.771872847160715,23.846078141915164,35.9743219759695,12.161314212299985,15.84961138098967,14.210093730943871,15.265505363645307,12.84582192232999,0.46467108259159595,1949.0,18.167701863354036,4.813664596273292,0.0,0.29524653085326247,6.298592658202932,0.125,0.0,0.29524653085326247,0.8857395925597874,2.3619722468260997,7.676409802184824,0.9841551028442082,7.243381556933373,50.97923432732998,26.965849817931304,0.09841551028442082
SP-2019,strategic-plan,SP,2019,False,25108,1639,15.319097010372179,13.549315890944998,34.0,5.768121714194679,1.9010673888800382,40.39350007965589,25.167277361797037,30.45581543522104,12.817043022829605,16.194549748867686,14.346175335884531,16.184326907758486,13.39740177904303,0.47603275224511354,1875.5,8.175716900549116,0.8541793776693105,0.47793531942010514,0.5575912059901227,7.08937390473156,0.16292134831460675,0.07965588657001753,0.39827943285008766,1.6329456746853592,1.871913334395412,4.699697307631034,1.194838298550263,8.240401465668313,32.061494344432056,18.958101003664172,0.0
SOA-2019,summary-of-advances,SOA,2019,False,13924,784,17.760204081632654,12.203781948064366,35.0,5.594082160298765,1.8216029876472277,37.805228382648664,22.45762711864407,34.70078010218742,12.831394846074023,16.08713248011069,14.538185770779357,15.426555587474866,13.798229015823509,0.46167508379888267,1749.0,16.836734693877553,4.464285714285714,0.07181844297615628,0.21545532892846883,5.817293881068658,0.04938271604938271,0.07181844297615628,0.0,0.07181844297615628,2.9445561620224074,8.761850043091066,0.8618213157138753,6.75093363975869,59.39385234128124,36.55558747486354,0.0
PA-2020,portfolio-analysis,PA,2020,False,27446,2192,12.520985401459853,14.581933043727698,31.0,5.786198353129782,1.8775413539313561,42.993514537637544,21.616993368796912,35.28620127492553,11.448172282959348,13.655191508102707,12.527671183292107,15.858815127887485,12.083486943971202,0.39682888633243035,1208.0,9.854014598540147,1.0036496350364963,0.18217590905778622,0.5465277271733586,3.8256940902135104,0.01904761904761905,0.0,0.0,0.8744443634773738,1.6031479997085187,2.8419441813014648,0.6558332726080304,10.628142534431246,31.152080448881442,122.82299788675947,0.0
SOA-2020,summary-of-advances,SOA,2020,False,9609,758,12.676781002638522,11.712689110873594,30.0,5.717140181080238,1.9003018003954626,38.53678842751587,25.507336871682796,33.20253496886576,11.777505835695482,15.273647149728527,13.401738104594571,15.481806639608696,11.83612075420718,0.4629113062568606,,10.422163588390502,0.0,0.0,0.5203455094182537,6.036007909251743,0.15517241379310345,0.0,0.416276407534603,0.0,2.913934852742221,8.949942761993965,1.665105630138412,8.523259444270996,42.460193568529505,30.70038505567697,0.0
RTC-2021,report-to-congress,RTC,2021,False,36964,1530,24.159477124183006,18.45908897371896,45.0,5.797938534790607,1.9027432096093497,40.2202142625257,24.442701006384592,21.341055186003274,16.2845659518217,19.44087125222704,17.01145988513452,17.066686505789416,17.958029060955262,0.4593856026326615,1871.3333333333333,14.313725490196079,0.06535947712418301,0.10821339681852614,0.10821339681852614,4.76138946001515,0.10795454545454546,0.13526674602315766,0.10821339681852614,1.4879342062547345,1.2985607618223136,3.4628286981928365,1.1903473650037875,8.505572989936153,52.61876420300833,32.65339248999026,0.05410669840926307
SOA-2021,summary-of-advances,SOA,2021,False,10296,665,15.482706766917293,14.647848831148545,32.0,5.671425796425797,1.8706293706293706,37.71367521367522,23.698523698523697,32.864807876334226,12.521682212524318,15.672492186176397,14.071914224773018,15.63617327117327,13.023768884624147,0.4731430029600898,1912.0,10.676691729323307,0.45112781954887216,0.0,0.19425019425019424,7.381507381507381,0.11842105263157894,0.0,0.3885003885003885,0.0,3.8850038850038846,12.529137529137529,1.2626262626262625,8.78010878010878,24.766899766899765,24.087024087024087,0.0
PA-2022,portfolio-analysis,PA,2022,False,23323,1719,13.567771960442117,14.194482589720655,31.0,5.782618016550186,1.8812331175234747,42.27157741285426,21.326587488745016,33.911389717665315,11.899981851349427,13.957743779674855,12.846719454033128,16.020153496548467,12.590016838172438,0.39172932001402033,1332.0,12.158231529959279,0.9889470622454916,0.2143806542897569,0.4287613085795138,3.515842730352013,0.024390243902439025,0.0,0.0,0.3858851777215624,1.8007974960339577,2.7011962440509367,0.7288942245851734,11.186382540839515,40.646572053337906,112.37833897869055,0.0
RTC-2022,report-to-congress,RTC,2022,False,39868,1508,26.43766578249337,24.189503014528643,50.0,5.833350055182101,1.9142169158222133,40.70934082472158,24.596167352262466,18.058018152209996,17.308449261874532,20.413533253902337,17.696773844283506,17.380483595866355,19.26391165115438,0.47257695140846856,1877.3333333333333,20.358090185676392,0.33156498673740054,0.7274004213905889,0.07524831945419885,9.78228152904585,0.08717948717948718,0.4514899167251931,0.07524831945419885,2.0567873984147687,2.6086084077455602,5.668706732216314,1.379552523326979,8.003912912611618,32.8082672820307,24.480786595766027,0.050165546302799235
SOA-2022,summary-of-advances,SOA,2022,False,11597,825,14.056969696969697,12.006075352200572,30.600000000000023,5.89023023195654,1.939035957575235,40.760541519358455,26.73967405363456,28.524733746710893,12.772842481205956,16.318657500241702,14.204740345124314,16.728836768129685,13.341469241000155,0.4757860875833484,1839.0,12.121212121212121,0.24242424242424243,0.25868759161852206,0.34491678882469606,9.657670087091489,0.10714285714285714,0.08622919720617402,0.6036043804432181,0.6036043804432181,5.087522635164267,11.985858411658189,1.6383547469173063,8.709148917823574,28.5418642752436,31.646115374665865,0.0
RTC-2023,report-to-congress,RTC,2023,False,64945,2933,22.142857142857142,16.29939729408443,43.0,5.787604896450843,1.908507198398645,39.693586881207175,24.540765262914775,22.900291015474664,15.566099226818299,18.673448962308765,16.446082086247678,16.894342597582575,16.901047633712047,0.4477052105638829,1792.0,14.660756904193658,0.4432321854756222,0.09238586496266071,0.35414581569019943,4.788667333897914,0.1189710610932476,0.15397644160443452,0.09238586496266071,1.2472091769959197,1.2934021094772499,3.2643005620140118,0.8160751405035029,8.67811224882593,47.93286627146047,42.42050966202171,0.6467010547386249
SP-2023,strategic-plan,SP,2023,False,60494,2127,28.440996708979785,25.142418458945595,56.0,5.898287433464476,1.9462921942672,40.61229212814494,26.43072040202334,13.311068705380421,18.468236608855076,21.94868684440125,18.791987987173073,17.841178959896848,20.57143216610757,0.48567277273106096,1815.1666666666667,33.38034790785144,0.6582040432534085,0.49591695044136613,0.36367243032366847,15.29077263860879,0.1945945945945946,0.7438754256620492,1.3555063312064008,2.9920322676629088,5.091414024531359,9.736502793665489,2.843257182530499,9.058749628062287,11.042417429827752,24.5148279168182,0.0
SOA-2023,summary-of-advances,SOA,2023,False,11133,784,14.200255102040817,11.679912545810438,30.0,5.788736189706278,1.903889338004132,39.37842450372766,25.114524386957694,31.352703076279028,12.413993678244676,15.725911795599405,13.917461437215568,16.153299200574864,12.935075004536976,0.48339176227195785,1762.0,11.479591836734693,0.0,0.17964609718853858,0.35929219437707716,10.329650588340968,0.043478260869565216,0.0,0.17964609718853858,0.08982304859426929,3.952214138147849,9.251774005209736,0.7185843887541543,8.506242701877301,29.731429084703134,28.294260307194826,0.08982304859426929
SP-2026-DRAFT,strategic-plan,SP,2026,True,81788,4263,19.185550082101805,14.751457422998023,38.0,6.62105687875972,2.2079033599060987,49.40700347239204,35.42573482662493,0.5730424186107541,17.945624178911668,21.844513963490698,18.022419191896883,21.588986648408085,19.347952940009186,0.5512440059540651,1932.5,18.367346938775512,0.30494956603330986,0.08558712769599452,0.44016237100797184,17.141879004254903,0.6597717546362339,0.5257494987039664,10.527216706607327,0.23230791803198514,2.5064801682398397,4.756198953391696,2.628747493519832,11.767007384946448,28.91622242871815,12.65466816647919,0.281214848143982
